time,Open,High,Low,Close,Volume,spread,real_volume
2025-01-02 00:00:00,1.43736,1.4386,1.4369100000000001,1.43732,5571,1,0
2025-01-02 04:00:00,1.43732,1.43802,1.4371,1.43712,4931,1,0
2025-01-02 08:00:00,1.43712,1.44223,1.43708,1.44146,11369,1,0
2025-01-02 12:00:00,1.44147,1.44321,1.44097,1.44214,14548,1,0
2025-01-02 16:00:00,1.44214,1.44422,1.43924,1.44032,30766,1,0
2025-01-02 20:00:00,1.44031,1.44201,1.43967,1.4402599999999999,12659,1,0
2025-01-03 00:00:00,1.43912,1.44086,1.43878,1.43913,5953,1,0
2025-01-03 04:00:00,1.43913,1.43952,1.43832,1.43925,4762,1,0
2025-01-03 08:00:00,1.43927,1.44032,1.43846,1.43902,11405,1,0
2025-01-03 12:00:00,1.43902,1.44195,1.4389,1.4414,11155,1,0
2025-01-03 16:00:00,1.44139,1.4462,1.4409,1.44574,22617,1,0
2025-01-03 20:00:00,1.44573,1.4463599999999999,1.44398,1.44483,10066,1,0
2025-01-06 00:00:00,1.44303,1.44505,1.43975,1.44004,7769,1,0
2025-01-06 04:00:00,1.44004,1.44067,1.4387699999999999,1.43895,7609,1,0
2025-01-06 08:00:00,1.43896,1.43995,1.43585,1.43744,14045,1,0
2025-01-06 12:00:00,1.43742,1.43804,1.42994,1.43053,27454,1,0
2025-01-06 16:00:00,1.43054,1.43791,1.42797,1.43641,34578,1,0
2025-01-06 20:00:00,1.43641,1.43735,1.4328400000000001,1.43323,12812,1,0
2025-01-07 00:00:00,1.4322599999999999,1.435,1.4319600000000001,1.4336,5740,1,0
2025-01-07 04:00:00,1.4336,1.43373,1.43116,1.4315,6117,1,0
2025-01-07 08:00:00,1.4315,1.43218,1.43019,1.43024,12273,1,0
2025-01-07 12:00:00,1.43022,1.43231,1.42978,1.4321,12296,1,0
2025-01-07 16:00:00,1.4321,1.43659,1.43175,1.4344700000000001,32917,1,0
2025-01-07 20:00:00,1.43446,1.43712,1.43383,1.43709,12195,1,0
2025-01-08 00:00:00,1.4359899999999999,1.4368,1.4348,1.43494,6231,1,0
2025-01-08 04:00:00,1.43494,1.43523,1.43423,1.43428,4783,1,0
2025-01-08 08:00:00,1.43428,1.43696,1.43393,1.43642,12652,1,0
2025-01-08 12:00:00,1.43642,1.44099,1.43624,1.43953,23932,1,0
2025-01-08 16:00:00,1.43951,1.44067,1.43751,1.4391,28468,1,0
2025-01-08 20:00:00,1.4391,1.43937,1.4372099999999999,1.43753,15312,1,0
2025-01-09 00:00:00,1.43618,1.43864,1.43608,1.43776,5634,1,0
2025-01-09 04:00:00,1.43776,1.4381300000000001,1.43651,1.4374,6436,1,0
2025-01-09 08:00:00,1.43741,1.44049,1.43711,1.43848,14817,1,0
2025-01-09 12:00:00,1.43849,1.43988,1.43804,1.43951,13582,1,0
2025-01-09 16:00:00,1.43951,1.44042,1.43879,1.43961,11698,1,0
2025-01-09 20:00:00,1.43961,1.44001,1.43878,1.43934,5266,1,0
2025-01-10 00:00:00,1.4393099999999999,1.44028,1.43824,1.4401,5088,1,0
2025-01-10 04:00:00,1.44009,1.44178,1.44,1.44169,5184,1,0
2025-01-10 08:00:00,1.4417,1.44219,1.43952,1.44107,11722,1,0
2025-01-10 12:00:00,1.44107,1.44371,1.43829,1.44032,17865,1,0
2025-01-10 16:00:00,1.44032,1.44429,1.4375499999999999,1.4415200000000001,40237,1,0
2025-01-10 20:00:00,1.4415200000000001,1.44372,1.4414500000000001,1.4420899999999999,14801,1,0
2025-01-13 00:00:00,1.44105,1.44283,1.44105,1.44226,6863,1,0
2025-01-13 04:00:00,1.44228,1.44472,1.44168,1.44347,7666,1,0
2025-01-13 08:00:00,1.44345,1.44433,1.44142,1.44357,17352,1,0
2025-01-13 12:00:00,1.4435799999999999,1.44402,1.43918,1.44083,17941,1,0
2025-01-13 16:00:00,1.4408400000000001,1.44275,1.43967,1.44086,28390,1,0
2025-01-13 20:00:00,1.44085,1.44196,1.43747,1.43767,12156,1,0
2025-01-14 00:00:00,1.43644,1.43853,1.4343,1.43763,10085,1,0
2025-01-14 04:00:00,1.43763,1.43878,1.43706,1.43833,8002,1,0
2025-01-14 08:00:00,1.43832,1.43842,1.43579,1.43762,17341,1,0
2025-01-14 12:00:00,1.43761,1.43983,1.43612,1.43963,18383,1,0
2025-01-14 16:00:00,1.4396200000000001,1.44104,1.43509,1.43673,30860,1,0
2025-01-14 20:00:00,1.43673,1.4369100000000001,1.43471,1.4349,12201,1,0
2025-01-15 00:00:00,1.4349,1.4356900000000001,1.43368,1.43555,3912,1,0
2025-01-15 04:00:00,1.43555,1.43628,1.43499,1.4362599999999999,4814,1,0
2025-01-15 08:00:00,1.4362599999999999,1.43641,1.4329,1.4346999999999999,12348,1,0
2025-01-15 12:00:00,1.43471,1.43669,1.43021,1.43082,16492,1,0
2025-01-15 16:00:00,1.43082,1.43581,1.43028,1.43372,32489,1,0
2025-01-15 20:00:00,1.43371,1.43411,1.4327,1.43396,8760,1,0
2025-01-16 00:00:00,1.43397,1.43423,1.43164,1.43422,7973,1,0
2025-01-16 04:00:00,1.43421,1.43671,1.434,1.43669,7112,1,0
2025-01-16 08:00:00,1.43667,1.43841,1.4353,1.43717,12067,1,0
2025-01-16 12:00:00,1.43717,1.43933,1.4368699999999999,1.43798,16077,1,0
2025-01-16 16:00:00,1.43797,1.44009,1.43676,1.43863,32442,1,0
2025-01-16 20:00:00,1.43864,1.44032,1.43828,1.43927,10793,1,0
2025-01-17 00:00:00,1.43943,1.4403000000000001,1.4381599999999999,1.44,4335,1,0
2025-01-17 04:00:00,1.4399899999999999,1.44059,1.43891,1.4402599999999999,5446,1,0
2025-01-17 08:00:00,1.4402599999999999,1.44177,1.44022,1.44134,11042,1,0
2025-01-17 12:00:00,1.44135,1.44406,1.44065,1.44363,13383,1,0
2025-01-17 16:00:00,1.44363,1.4464299999999999,1.43824,1.44384,32646,1,0
2025-01-17 20:00:00,1.44385,1.44848,1.44379,1.44766,12413,1,0
2025-01-20 00:00:00,1.44557,1.44855,1.44532,1.44556,5289,1,0
2025-01-20 04:00:00,1.44557,1.4458,1.44435,1.44503,4580,1,0
2025-01-20 08:00:00,1.44502,1.44785,1.4443,1.44777,11146,1,0
2025-01-20 12:00:00,1.44777,1.44777,1.4311099999999999,1.43125,20002,1,0
2025-01-20 16:00:00,1.43124,1.4381,1.42612,1.43374,28694,1,0
2025-01-20 20:00:00,1.43373,1.4350100000000001,1.42829,1.43038,8874,1,0
2025-01-21 00:00:00,1.43045,1.45169,1.42897,1.4441,23246,1,0
2025-01-21 04:00:00,1.4441,1.44449,1.4393799999999999,1.4433099999999999,15357,1,0
2025-01-21 08:00:00,1.44332,1.44577,1.4415,1.44242,15108,1,0
2025-01-21 12:00:00,1.4424299999999999,1.44566,1.44071,1.44477,18955,1,0
2025-01-21 16:00:00,1.4447999999999999,1.44496,1.43176,1.43349,34530,1,0
2025-01-21 20:00:00,1.4335,1.43444,1.43123,1.43219,12667,1,0
2025-01-22 00:00:00,1.4319,1.4351099999999999,1.43098,1.43371,9093,1,0
2025-01-22 04:00:00,1.43371,1.43442,1.43278,1.43372,5367,1,0
2025-01-22 08:00:00,1.43372,1.43543,1.43215,1.43275,15815,1,0
2025-01-22 12:00:00,1.43276,1.43708,1.43008,1.43536,17437,1,0
2025-01-22 16:00:00,1.4353500000000001,1.43912,1.43526,1.43659,25206,1,0
2025-01-22 20:00:00,1.4365999999999999,1.43907,1.43537,1.43766,9754,1,0
2025-01-23 00:00:00,1.43693,1.44043,1.43534,1.43946,6349,1,0
2025-01-23 04:00:00,1.43946,1.44042,1.43818,1.4393,6464,1,0
2025-01-23 08:00:00,1.4393,1.4402300000000001,1.43841,1.43897,13908,1,0
2025-01-23 12:00:00,1.43897,1.44136,1.43868,1.44039,12069,1,0
2025-01-23 16:00:00,1.44039,1.44042,1.43341,1.43393,24049,1,0
2025-01-23 20:00:00,1.43393,1.4386,1.4338899999999999,1.43844,10480,1,0
2025-01-24 00:00:00,1.43798,1.43839,1.4371399999999999,1.4375499999999999,2768,1,0
2025-01-24 04:00:00,1.4375499999999999,1.4375499999999999,1.43209,1.43315,9580,1,0
2025-01-24 08:00:00,1.43315,1.43489,1.43147,1.43253,17613,1,0
2025-01-24 12:00:00,1.43253,1.43499,1.43194,1.43242,13486,1,0
2025-01-24 16:00:00,1.43242,1.43417,1.43149,1.43373,20585,1,0
2025-01-24 20:00:00,1.43373,1.43495,1.43344,1.43394,8337,1,0
2025-01-27 00:00:00,1.43556,1.4387699999999999,1.43556,1.43837,5050,1,0
2025-01-27 04:00:00,1.43837,1.44015,1.43663,1.43846,7615,1,0
2025-01-27 08:00:00,1.43846,1.44004,1.4365,1.4368699999999999,16619,1,0
2025-01-27 12:00:00,1.4368699999999999,1.43703,1.43335,1.43579,21292,1,0
2025-01-27 16:00:00,1.4358,1.43986,1.43564,1.43983,21665,1,0
2025-01-27 20:00:00,1.43983,1.44015,1.43662,1.43734,11769,1,0
2025-01-28 00:00:00,1.43693,1.4415499999999999,1.4362599999999999,1.4397,10043,1,0
2025-01-28 04:00:00,1.4397,1.44056,1.43881,1.43984,6423,1,0
2025-01-28 08:00:00,1.43984,1.44126,1.43891,1.43976,12765,1,0
2025-01-28 12:00:00,1.43977,1.44201,1.43942,1.44021,11872,1,0
2025-01-28 16:00:00,1.4402300000000001,1.4402300000000001,1.4369,1.43973,17362,1,0
2025-01-28 20:00:00,1.43973,1.44134,1.43844,1.44032,9401,1,0
2025-01-29 00:00:00,1.43934,1.44093,1.43824,1.4403000000000001,4292,1,0
2025-01-29 04:00:00,1.4403000000000001,1.4403299999999999,1.4392,1.43979,4329,1,0
2025-01-29 08:00:00,1.43979,1.4433500000000001,1.4393099999999999,1.4429699999999999,10409,1,0
2025-01-29 12:00:00,1.4429699999999999,1.44705,1.44183,1.44646,12197,1,0
2025-01-29 16:00:00,1.44646,1.44715,1.44035,1.4421599999999999,21403,1,0
2025-01-29 20:00:00,1.44217,1.4445999999999999,1.44085,1.44194,19743,1,0
2025-01-30 00:00:00,1.44096,1.4421,1.4392800000000001,1.44137,4747,1,0
2025-01-30 04:00:00,1.44137,1.4425,1.44079,1.4424299999999999,4428,1,0
2025-01-30 08:00:00,1.4424299999999999,1.44359,1.4402599999999999,1.44102,9148,1,0
2025-01-30 12:00:00,1.44102,1.4423300000000001,1.44051,1.44092,12796,1,0
2025-01-30 16:00:00,1.44095,1.44227,1.4399899999999999,1.44149,17219,1,0
2025-01-30 20:00:00,1.44149,1.45949,1.44001,1.44845,14465,1,0
2025-01-31 00:00:00,1.44741,1.45108,1.44741,1.44838,7587,1,0
2025-01-31 04:00:00,1.44838,1.44898,1.44724,1.44779,5425,1,0
2025-01-31 08:00:00,1.44779,1.44915,1.44312,1.44786,12970,1,0
2025-01-31 12:00:00,1.44787,1.44974,1.44603,1.44881,13358,1,0
2025-01-31 16:00:00,1.44881,1.45506,1.43708,1.44009,26211,1,0
2025-01-31 20:00:00,1.44009,1.45595,1.43906,1.4537200000000001,25668,1,0
2025-02-03 00:00:00,1.47343,1.47515,1.4671,1.47485,23796,1,0
2025-02-03 04:00:00,1.47485,1.47931,1.47255,1.47283,18006,1,0
2025-02-03 08:00:00,1.47283,1.47523,1.4674800000000001,1.46933,19195,1,0
2025-02-03 12:00:00,1.46933,1.47042,1.4593,1.4668,17237,1,0
2025-02-03 16:00:00,1.4668,1.46998,1.45247,1.45792,33981,1,0
2025-02-03 20:00:00,1.45792,1.45932,1.4388,1.44286,18318,1,0
2025-02-04 00:00:00,1.4425,1.44624,1.43865,1.4449100000000001,10406,1,0
2025-02-04 04:00:00,1.4449100000000001,1.4503599999999999,1.44485,1.44869,10668,1,0
2025-02-04 08:00:00,1.44869,1.4488400000000001,1.4424299999999999,1.44254,14650,1,0
2025-02-04 12:00:00,1.44254,1.4442,1.43818,1.43833,12862,1,0
2025-02-04 16:00:00,1.43833,1.43933,1.43095,1.43407,19856,1,0
2025-02-04 20:00:00,1.43407,1.43466,1.43021,1.4319,9231,1,0
2025-02-05 00:00:00,1.43187,1.43393,1.4313500000000001,1.43343,6832,1,0
2025-02-05 04:00:00,1.43343,1.43446,1.43189,1.4338600000000001,8115,1,0
2025-02-05 08:00:00,1.4338600000000001,1.43439,1.42795,1.42858,13017,1,0
2025-02-05 12:00:00,1.42858,1.4295900000000001,1.42703,1.42927,11641,1,0
2025-02-05 16:00:00,1.42927,1.4300899999999999,1.4268,1.42922,18311,1,0
2025-02-05 20:00:00,1.42922,1.43282,1.42866,1.43159,7115,1,0
2025-02-06 00:00:00,1.43058,1.43278,1.43058,1.43144,4965,1,0
2025-02-06 04:00:00,1.43148,1.43515,1.43143,1.43483,6263,1,0
2025-02-06 08:00:00,1.43483,1.43668,1.43407,1.4359899999999999,9881,1,0
2025-02-06 12:00:00,1.4359899999999999,1.43645,1.4341599999999999,1.43421,12094,1,0
2025-02-06 16:00:00,1.43421,1.43496,1.43036,1.43109,13972,1,0
2025-02-06 20:00:00,1.4311099999999999,1.43195,1.43012,1.43041,7949,1,0
2025-02-07 00:00:00,1.43035,1.43188,1.43015,1.43057,4490,1,0
2025-02-07 04:00:00,1.43057,1.43269,1.4301300000000001,1.43253,4593,1,0
2025-02-07 08:00:00,1.43253,1.4325999999999999,1.43046,1.43119,7617,1,0
2025-02-07 12:00:00,1.43119,1.4344999999999999,1.42862,1.43051,12856,1,0
2025-02-07 16:00:00,1.43051,1.43398,1.42798,1.42929,27846,1,0
2025-02-07 20:00:00,1.42929,1.4301300000000001,1.4273799999999999,1.42917,9791,1,0
2025-02-10 00:00:00,1.43458,1.43764,1.4323000000000001,1.43492,9098,1,0
2025-02-10 04:00:00,1.43492,1.43582,1.43356,1.4344700000000001,6016,1,0
2025-02-10 08:00:00,1.43446,1.43591,1.43155,1.4326400000000001,10514,1,0
2025-02-10 12:00:00,1.43263,1.4344999999999999,1.43263,1.43375,9096,1,0
2025-02-10 16:00:00,1.4337,1.43435,1.4313500000000001,1.43197,11841,1,0
2025-02-10 20:00:00,1.432,1.43229,1.43056,1.43154,6087,1,0
2025-02-11 00:00:00,1.4313799999999999,1.43402,1.43057,1.43349,5502,1,0
2025-02-11 04:00:00,1.43349,1.4340899999999999,1.43293,1.4333,4857,1,0
2025-02-11 08:00:00,1.4333,1.43403,1.43245,1.4334,8425,1,0
2025-02-11 12:00:00,1.4334,1.43458,1.43082,1.4310399999999999,9529,1,0
2025-02-11 16:00:00,1.43105,1.43271,1.43002,1.43072,12450,1,0
2025-02-11 20:00:00,1.43072,1.43088,1.42785,1.4283299999999999,8247,1,0
2025-02-12 00:00:00,1.42847,1.42965,1.4282,1.42885,4412,1,0
2025-02-12 04:00:00,1.42885,1.42983,1.42797,1.42966,5906,1,0
2025-02-12 08:00:00,1.42966,1.4313500000000001,1.42861,1.43083,9175,1,0
2025-02-12 12:00:00,1.43084,1.43398,1.42895,1.43292,12395,1,0
2025-02-12 16:00:00,1.43292,1.43425,1.42557,1.42622,23625,1,0
2025-02-12 20:00:00,1.4262000000000001,1.43103,1.42593,1.43098,10567,1,0
2025-02-13 00:00:00,1.43062,1.43062,1.42872,1.42885,5181,1,0
2025-02-13 04:00:00,1.42885,1.42908,1.42557,1.4259,8091,1,0
2025-02-13 08:00:00,1.4259,1.43001,1.42547,1.42917,11314,1,0
2025-02-13 12:00:00,1.42917,1.43042,1.42679,1.42858,12487,1,0
2025-02-13 16:00:00,1.42853,1.42901,1.42109,1.42441,16883,1,0
2025-02-13 20:00:00,1.42441,1.42631,1.41831,1.41937,13354,1,0
2025-02-14 00:00:00,1.41927,1.42015,1.41824,1.41897,7027,1,0
2025-02-14 04:00:00,1.41897,1.4192,1.41771,1.41873,6205,1,0
2025-02-14 08:00:00,1.41873,1.41893,1.41568,1.41679,11269,1,0
2025-02-14 12:00:00,1.41679,1.41917,1.41554,1.4165,11380,1,0
2025-02-14 16:00:00,1.4165,1.41785,1.4151,1.41651,13821,1,0
2025-02-14 20:00:00,1.4165,1.41782,1.41574,1.4169,6524,1,0
2025-02-17 00:00:00,1.4156900000000001,1.41903,1.4156900000000001,1.41608,8407,1,0
2025-02-17 04:00:00,1.41608,1.4175499999999999,1.41607,1.41741,6963,1,0
2025-02-17 08:00:00,1.41741,1.41943,1.41713,1.41904,9017,1,0
2025-02-17 12:00:00,1.41907,1.4194200000000001,1.4181300000000001,1.41889,6574,1,0
2025-02-17 16:00:00,1.41889,1.41925,1.41794,1.41831,4574,1,0
2025-02-17 20:00:00,1.41831,1.41887,1.41808,1.41808,2254,1,0
2025-02-18 00:00:00,1.41756,1.42066,1.41733,1.41998,5703,1,0
2025-02-18 04:00:00,1.41998,1.42089,1.41886,1.42043,8318,1,0
2025-02-18 08:00:00,1.42043,1.42082,1.4181300000000001,1.4191500000000001,10136,1,0
2025-02-18 12:00:00,1.4191500000000001,1.4212799999999999,1.41794,1.4205,10066,1,0
2025-02-18 16:00:00,1.4205,1.42116,1.41829,1.41931,11859,1,0
2025-02-18 20:00:00,1.41931,1.41953,1.41832,1.41933,6085,1,0
2025-02-19 00:00:00,1.41928,1.41989,1.41845,1.41848,7366,1,0
2025-02-19 04:00:00,1.41848,1.41926,1.4179599999999999,1.418,8821,1,0
2025-02-19 08:00:00,1.418,1.42001,1.41754,1.41996,9527,1,0
2025-02-19 12:00:00,1.41996,1.42218,1.41958,1.41987,10356,1,0
2025-02-19 16:00:00,1.41987,1.42407,1.41921,1.42371,15066,1,0
2025-02-19 20:00:00,1.42371,1.42456,1.4224,1.42392,8600,1,0
2025-02-20 00:00:00,1.42297,1.42439,1.4224,1.42418,8864,1,0
2025-02-20 04:00:00,1.42418,1.42451,1.42205,1.42266,11822,1,0
2025-02-20 08:00:00,1.42266,1.42303,1.42102,1.42114,10211,1,0
2025-02-20 12:00:00,1.42114,1.42232,1.41966,1.4206400000000001,10143,1,0
2025-02-20 16:00:00,1.4206400000000001,1.42134,1.4177,1.41861,16099,1,0
2025-02-20 20:00:00,1.41861,1.41897,1.41662,1.41751,7233,1,0
2025-02-21 00:00:00,1.41686,1.4188399999999999,1.41642,1.41864,9259,1,0
2025-02-21 04:00:00,1.41864,1.41865,1.41684,1.41791,11773,1,0
2025-02-21 08:00:00,1.41791,1.41994,1.41771,1.4197,12309,1,0
2025-02-21 12:00:00,1.4197,1.42004,1.41737,1.41766,7862,1,0
2025-02-21 16:00:00,1.41766,1.422,1.41679,1.4218,15457,1,0
2025-02-21 20:00:00,1.4218,1.42362,1.42173,1.42251,10832,1,0
2025-02-24 00:00:00,1.4197899999999999,1.42236,1.41941,1.41964,10985,1,0
2025-02-24 04:00:00,1.41966,1.41974,1.41819,1.41941,12406,1,0
2025-02-24 08:00:00,1.41941,1.42165,1.41839,1.4212,12353,1,0
2025-02-24 12:00:00,1.4212,1.42235,1.42068,1.42167,9307,1,0
2025-02-24 16:00:00,1.42166,1.42448,1.42086,1.42246,17823,1,0
2025-02-24 20:00:00,1.42246,1.42679,1.42071,1.42587,9513,1,0
2025-02-25 00:00:00,1.4256,1.42794,1.42477,1.42631,8871,1,0
2025-02-25 04:00:00,1.42631,1.42662,1.4239899999999999,1.42452,11207,1,0
2025-02-25 08:00:00,1.42452,1.4274499999999999,1.42444,1.42676,13341,1,0
2025-02-25 12:00:00,1.42675,1.42718,1.42434,1.4262299999999999,11788,1,0
2025-02-25 16:00:00,1.4262299999999999,1.4316499999999999,1.42516,1.42929,21619,1,0
2025-02-25 20:00:00,1.4293,1.43176,1.42801,1.43175,11931,1,0
2025-02-26 00:00:00,1.43105,1.43143,1.42942,1.43041,8661,1,0
2025-02-26 04:00:00,1.43042,1.43329,1.43022,1.43311,10560,1,0
2025-02-26 08:00:00,1.43311,1.43335,1.4317,1.4332099999999999,11212,1,0
2025-02-26 12:00:00,1.4332,1.43573,1.43296,1.43518,9950,1,0
2025-02-26 16:00:00,1.43518,1.4365999999999999,1.42994,1.43178,21698,1,0
2025-02-26 20:00:00,1.43178,1.43685,1.43015,1.43361,13222,1,0
2025-02-27 00:00:00,1.43359,1.43553,1.43319,1.4348,8424,1,0
2025-02-27 04:00:00,1.4348,1.43634,1.43449,1.43541,12105,1,0
2025-02-27 08:00:00,1.43541,1.43561,1.43222,1.43274,11883,1,0
2025-02-27 12:00:00,1.43273,1.44349,1.4325999999999999,1.44262,12927,1,0
2025-02-27 16:00:00,1.44261,1.4442599999999999,1.4403000000000001,1.44293,22374,1,0
2025-02-27 20:00:00,1.44293,1.44492,1.4419,1.44351,9743,1,0
2025-02-28 00:00:00,1.44308,1.44477,1.4429,1.44439,10018,1,0
2025-02-28 04:00:00,1.4444,1.44528,1.44371,1.44404,14215,1,0
2025-02-28 08:00:00,1.44404,1.44529,1.44289,1.44375,13318,1,0
2025-02-28 12:00:00,1.44375,1.4441899999999999,1.44038,1.44154,11495,1,0
2025-02-28 16:00:00,1.4415499999999999,1.44483,1.43997,1.44395,22218,1,0
2025-02-28 20:00:00,1.44395,1.44715,1.4434,1.44594,13240,1,0
2025-03-03 00:00:00,1.4438,1.4448699999999999,1.44305,1.44343,11615,1,0
2025-03-03 04:00:00,1.44343,1.44531,1.4430399999999999,1.44445,9956,1,0
2025-03-03 08:00:00,1.44445,1.44533,1.44253,1.44271,11814,1,0
2025-03-03 12:00:00,1.44272,1.444,1.4401,1.44115,13448,1,0
2025-03-03 16:00:00,1.44115,1.44191,1.43689,1.44132,18143,1,0
2025-03-03 20:00:00,1.44132,1.45419,1.44041,1.44771,21466,1,0
2025-03-04 00:00:00,1.44774,1.45046,1.44745,1.44934,11184,1,0
2025-03-04 04:00:00,1.44935,1.45214,1.44856,1.44922,16270,1,0
2025-03-04 08:00:00,1.44922,1.45031,1.44098,1.44254,16557,1,0
2025-03-04 12:00:00,1.44254,1.44599,1.44067,1.44483,18195,1,0
2025-03-04 16:00:00,1.44483,1.45428,1.4439199999999999,1.45281,30041,1,0
2025-03-04 20:00:00,1.45281,1.45419,1.4371,1.43915,23557,1,0
2025-03-05 00:00:00,1.43871,1.44412,1.4379,1.44288,10200,1,0
2025-03-05 04:00:00,1.44286,1.44501,1.44199,1.44221,12973,1,0
2025-03-05 08:00:00,1.44221,1.44308,1.43771,1.43821,18098,1,0
2025-03-05 12:00:00,1.43822,1.44343,1.43776,1.4380899999999999,17180,1,0
2025-03-05 16:00:00,1.4380899999999999,1.44197,1.43418,1.43574,32501,1,0
2025-03-05 20:00:00,1.43574,1.43773,1.43301,1.43422,15387,1,0
2025-03-06 00:00:00,1.43332,1.43537,1.43128,1.43146,11183,1,0
2025-03-06 04:00:00,1.43146,1.4340899999999999,1.43095,1.43375,13928,1,0
2025-03-06 08:00:00,1.43375,1.4362599999999999,1.43258,1.43461,20562,1,0
2025-03-06 12:00:00,1.43462,1.43767,1.4341300000000001,1.43637,18034,1,0
2025-03-06 16:00:00,1.43637,1.43706,1.42392,1.43039,29296,1,0
2025-03-06 20:00:00,1.43039,1.43184,1.42837,1.42945,14310,1,0
2025-03-07 00:00:00,1.42937,1.43063,1.42829,1.4301,8401,1,0
2025-03-07 04:00:00,1.4301,1.43134,1.42932,1.43127,12991,1,0
2025-03-07 08:00:00,1.43127,1.43197,1.4279600000000001,1.43,14790,1,0
2025-03-07 12:00:00,1.43,1.4371800000000001,1.42983,1.4371399999999999,16751,1,0
2025-03-07 16:00:00,1.4371399999999999,1.44264,1.4337,1.43914,31279,1,0
2025-03-07 20:00:00,1.43914,1.44072,1.4359600000000001,1.43711,14244,1,0
2025-03-10 00:00:00,1.4363299999999999,1.4386999999999999,1.43461,1.43637,11091,1,0
2025-03-10 04:00:00,1.43637,1.43703,1.43542,1.43666,10868,1,0
2025-03-10 08:00:00,1.43666,1.43824,1.43575,1.43803,16242,1,0
2025-03-10 12:00:00,1.43803,1.44239,1.43532,1.44181,20132,1,0
2025-03-10 16:00:00,1.4418,1.44409,1.4409399999999999,1.44336,25253,1,0
2025-03-10 20:00:00,1.44336,1.44727,1.44308,1.44391,16128,1,0
2025-03-11 00:00:00,1.44344,1.44425,1.44205,1.4430100000000001,7437,1,0
2025-03-11 04:00:00,1.4430100000000001,1.44474,1.44162,1.44275,15461,1,0
2025-03-11 08:00:00,1.44275,1.44461,1.441,1.44161,19893,1,0
2025-03-11 12:00:00,1.44161,1.44262,1.43937,1.44133,17643,1,0
2025-03-11 16:00:00,1.44133,1.45213,1.44016,1.44833,36607,1,0
2025-03-11 20:00:00,1.44832,1.45047,1.4379,1.44343,23511,1,0
2025-03-12 00:00:00,1.44343,1.44394,1.44225,1.44292,6477,1,0
2025-03-12 04:00:00,1.44292,1.44513,1.44275,1.44501,10514,1,0
2025-03-12 08:00:00,1.445,1.44848,1.4433500000000001,1.44346,15187,1,0
2025-03-12 12:00:00,1.44346,1.44441,1.43645,1.43968,17283,1,0
2025-03-12 16:00:00,1.43968,1.44305,1.43756,1.43887,25492,1,0
2025-03-12 20:00:00,1.43887,1.4393,1.43534,1.43704,13994,1,0
2025-03-13 00:00:00,1.43673,1.43703,1.4357,1.4363000000000001,6267,1,0
2025-03-13 04:00:00,1.43629,1.43936,1.43606,1.43879,10954,1,0
2025-03-13 08:00:00,1.43879,1.44047,1.43796,1.43886,16511,1,0
2025-03-13 12:00:00,1.43886,1.4402300000000001,1.43648,1.43984,18246,1,0
2025-03-13 16:00:00,1.43984,1.44255,1.43788,1.44214,27158,1,0
2025-03-13 20:00:00,1.44214,1.44515,1.4419,1.4442300000000001,14466,1,0
2025-03-14 00:00:00,1.44361,1.44446,1.44256,1.44322,5974,1,0
2025-03-14 04:00:00,1.44322,1.44417,1.44273,1.44293,12595,1,0
2025-03-14 08:00:00,1.44293,1.44354,1.44124,1.44141,13752,1,0
2025-03-14 12:00:00,1.44142,1.44367,1.4405299999999999,1.4409,18624,1,0
2025-03-14 16:00:00,1.4409,1.44133,1.43702,1.43742,24876,1,0
2025-03-14 20:00:00,1.43743,1.43849,1.43555,1.43637,10339,1,0
2025-03-17 00:00:00,1.43762,1.43762,1.43551,1.43703,7872,1,0
2025-03-17 04:00:00,1.43703,1.43787,1.43661,1.43736,10138,1,0
2025-03-17 08:00:00,1.43736,1.43807,1.43602,1.4363000000000001,12002,1,0
2025-03-17 12:00:00,1.4363000000000001,1.43642,1.43384,1.43398,12244,1,0
2025-03-17 16:00:00,1.43398,1.4346,1.42827,1.42936,17654,1,0
2025-03-17 20:00:00,1.42936,1.42945,1.42756,1.42854,8434,1,0
2025-03-18 00:00:00,1.42847,1.43001,1.42794,1.42946,5071,1,0
2025-03-18 04:00:00,1.42946,1.43078,1.42889,1.43031,8484,1,0
2025-03-18 08:00:00,1.43031,1.4307699999999999,1.42724,1.4278,9357,1,0
2025-03-18 12:00:00,1.42779,1.42985,1.42529,1.42903,12426,1,0
2025-03-18 16:00:00,1.42903,1.43195,1.42714,1.43096,21838,1,0
2025-03-18 20:00:00,1.43096,1.4319,1.42923,1.4297,10615,1,0
2025-03-19 00:00:00,1.429,1.43024,1.42812,1.42983,5024,1,0
2025-03-19 04:00:00,1.42983,1.43133,1.42981,1.4310399999999999,7214,1,0
2025-03-19 08:00:00,1.4310399999999999,1.43315,1.43075,1.43225,12856,1,0
2025-03-19 12:00:00,1.43225,1.43351,1.43149,1.43234,11581,1,0
2025-03-19 16:00:00,1.4323299999999999,1.43378,1.43098,1.43317,14049,1,0
2025-03-19 20:00:00,1.43317,1.4349,1.43082,1.43262,19003,1,0
2025-03-20 00:00:00,1.43247,1.43334,1.43154,1.43229,6720,1,0
2025-03-20 04:00:00,1.43229,1.4335499999999999,1.43204,1.433,10097,1,0
2025-03-20 08:00:00,1.433,1.43556,1.43299,1.43543,9995,1,0
2025-03-20 12:00:00,1.43543,1.43909,1.43514,1.43854,15096,1,0
2025-03-20 16:00:00,1.43854,1.44015,1.43179,1.43333,18654,1,0
2025-03-20 20:00:00,1.43333,1.43365,1.43129,1.43221,9170,1,0
2025-03-21 00:00:00,1.43213,1.43266,1.4317,1.43211,5506,1,0
2025-03-21 04:00:00,1.43211,1.43341,1.43146,1.43326,8821,1,0
2025-03-21 08:00:00,1.43326,1.43441,1.4313799999999999,1.43297,11165,1,0
2025-03-21 12:00:00,1.43297,1.43578,1.43274,1.43577,12016,1,0
2025-03-21 16:00:00,1.43577,1.43731,1.43367,1.4340600000000001,18945,1,0
2025-03-21 20:00:00,1.4340600000000001,1.43522,1.43323,1.43469,8916,1,0
2025-03-24 00:00:00,1.435,1.435,1.4326699999999999,1.43323,5892,1,0
2025-03-24 04:00:00,1.43323,1.4351,1.43314,1.43446,8546,1,0
2025-03-24 08:00:00,1.43446,1.43487,1.43258,1.43342,10343,1,0
2025-03-24 12:00:00,1.43342,1.43465,1.43152,1.43358,10547,1,0
2025-03-24 16:00:00,1.43358,1.43442,1.42895,1.43171,18445,1,0
2025-03-24 20:00:00,1.43171,1.43277,1.43069,1.43184,10773,1,0
2025-03-25 00:00:00,1.43125,1.43273,1.43033,1.4321,4991,1,0
2025-03-25 04:00:00,1.4321,1.43243,1.4311,1.43243,8156,1,0
2025-03-25 08:00:00,1.43242,1.4332799999999999,1.43159,1.43249,10197,1,0
2025-03-25 12:00:00,1.43249,1.43271,1.42805,1.42808,11977,1,0
2025-03-25 16:00:00,1.42809,1.4314,1.4271,1.43003,15292,1,0
2025-03-25 20:00:00,1.43,1.43086,1.42726,1.42766,8990,1,0
2025-03-26 00:00:00,1.42737,1.42875,1.42689,1.42869,5967,1,0
2025-03-26 04:00:00,1.42869,1.42985,1.42702,1.42746,9370,1,0
2025-03-26 08:00:00,1.42746,1.42781,1.42463,1.42514,11094,1,0
2025-03-26 12:00:00,1.42514,1.42722,1.4245,1.42683,10724,1,0
2025-03-26 16:00:00,1.42676,1.42712,1.42351,1.42658,15638,0,0
2025-03-26 20:00:00,1.42658,1.42975,1.42632,1.42686,11219,1,0
2025-03-27 00:00:00,1.42656,1.4316,1.4261300000000001,1.42871,8094,1,0
2025-03-27 04:00:00,1.42871,1.42874,1.42594,1.42654,7985,1,0
2025-03-27 08:00:00,1.42654,1.43059,1.42626,1.42835,12270,1,0
2025-03-27 12:00:00,1.42836,1.4298,1.42759,1.42971,11534,1,0
2025-03-27 16:00:00,1.42971,1.4329100000000001,1.42923,1.43155,21434,0,0
2025-03-27 20:00:00,1.43153,1.43215,1.42996,1.43048,9339,1,0
2025-03-28 00:00:00,1.4304999999999999,1.43158,1.42975,1.43106,2922,1,0
2025-03-28 04:00:00,1.43106,1.43157,1.4308,1.43133,5999,1,0
2025-03-28 08:00:00,1.43133,1.43326,1.43105,1.43214,7873,1,0
2025-03-28 12:00:00,1.43213,1.43333,1.43085,1.43114,9587,1,0
2025-03-28 16:00:00,1.43113,1.43265,1.42763,1.42934,21679,0,0
2025-03-28 20:00:00,1.42934,1.43242,1.42924,1.43146,11483,0,0
2025-03-31 00:00:00,1.43014,1.43289,1.42932,1.43088,8923,1,0
2025-03-31 04:00:00,1.43087,1.43204,1.42992,1.43157,6223,1,0
2025-03-31 08:00:00,1.43157,1.43487,1.43094,1.43482,10681,1,0
2025-03-31 12:00:00,1.43483,1.43811,1.43412,1.4378600000000001,10136,0,0
2025-03-31 16:00:00,1.4378600000000001,1.43954,1.43605,1.43758,21757,0,0
2025-03-31 20:00:00,1.43758,1.43961,1.43715,1.4389,10636,1,0
2025-04-01 00:00:00,1.43868,1.43963,1.43812,1.43913,4634,1,0
2025-04-01 04:00:00,1.43913,1.44005,1.43729,1.43739,8103,1,0
2025-04-01 08:00:00,1.43739,1.44038,1.43734,1.43817,10036,1,0
2025-04-01 12:00:00,1.43818,1.44044,1.43666,1.43951,12558,1,0
2025-04-01 16:00:00,1.43951,1.4415200000000001,1.43057,1.4320599999999999,25717,0,0
2025-04-01 20:00:00,1.4320599999999999,1.43439,1.42977,1.43037,13790,0,0
2025-04-02 00:00:00,1.4302000000000001,1.4307699999999999,1.42889,1.4304700000000001,5249,0,0
2025-04-02 04:00:00,1.4304700000000001,1.4308100000000001,1.42922,1.43063,7081,1,0
2025-04-02 08:00:00,1.43063,1.43177,1.42932,1.43034,9658,0,0
2025-04-02 12:00:00,1.43034,1.43326,1.42993,1.43211,10520,1,0
2025-04-02 16:00:00,1.43211,1.43346,1.42957,1.4320599999999999,20626,0,0
2025-04-02 20:00:00,1.4320599999999999,1.43655,1.42298,1.42476,20811,1,0
2025-04-03 00:00:00,1.42272,1.43183,1.42151,1.42544,22482,0,0
2025-04-03 04:00:00,1.42544,1.42587,1.4237600000000001,1.42556,18043,1,0
2025-04-03 08:00:00,1.42556,1.42557,1.41167,1.41315,24124,0,0
2025-04-03 12:00:00,1.41315,1.41599,1.40693,1.4082,26409,0,0
2025-04-03 16:00:00,1.40821,1.40907,1.40274,1.40611,37160,0,0
2025-04-03 20:00:00,1.40612,1.41043,1.40604,1.40976,15138,0,0
2025-04-04 00:00:00,1.4096600000000001,1.40971,1.40615,1.40643,7702,1,0
2025-04-04 04:00:00,1.40643,1.41031,1.4053499999999999,1.4101,14254,0,0
2025-04-04 08:00:00,1.4101,1.41638,1.40819,1.41321,21568,0,0
2025-04-04 12:00:00,1.41321,1.42426,1.41311,1.42085,41975,0,0
2025-04-04 16:00:00,1.42085,1.42363,1.4178899999999999,1.42112,48436,0,0
2025-04-04 20:00:00,1.42111,1.4259,1.42013,1.42202,32244,0,0
2025-04-07 00:00:00,1.42202,1.42675,1.42056,1.4230800000000001,28102,1,0
2025-04-07 04:00:00,1.42307,1.42538,1.42126,1.4216,28841,1,0
2025-04-07 08:00:00,1.4216,1.42685,1.41957,1.42504,37654,0,0
2025-04-07 12:00:00,1.42504,1.42963,1.42382,1.42469,35153,0,0
2025-04-07 16:00:00,1.42469,1.4268,1.4178899999999999,1.42291,49465,0,0
2025-04-07 20:00:00,1.42291,1.42543,1.4184999999999999,1.42487,29661,0,0
2025-04-08 00:00:00,1.42484,1.42484,1.42011,1.4215900000000001,12181,1,0
2025-04-08 04:00:00,1.4215900000000001,1.42194,1.41581,1.41643,17391,0,0
2025-04-08 08:00:00,1.41643,1.41924,1.41501,1.41785,23809,0,0
2025-04-08 12:00:00,1.41785,1.4203999999999999,1.41529,1.4163999999999999,25861,0,0
2025-04-08 16:00:00,1.4163999999999999,1.42234,1.41431,1.42021,38884,0,0
2025-04-08 20:00:00,1.42023,1.42721,1.41952,1.42634,31778,0,0
2025-04-09 00:00:00,1.42557,1.4273500000000001,1.42419,1.42426,16417,0,0
2025-04-09 04:00:00,1.42426,1.42476,1.42062,1.42206,26516,0,0
2025-04-09 08:00:00,1.42206,1.42486,1.41933,1.4203299999999999,33618,0,0
2025-04-09 12:00:00,1.4203299999999999,1.4221599999999999,1.41563,1.4173499999999999,32805,0,0
2025-04-09 16:00:00,1.41733,1.42126,1.41321,1.41774,32418,0,0
2025-04-09 20:00:00,1.41774,1.41859,1.40747,1.40766,38333,0,0
2025-04-10 00:00:00,1.40782,1.41101,1.4074200000000001,1.41002,13011,1,0
2025-04-10 04:00:00,1.41003,1.41096,1.40711,1.4072200000000001,18209,1,0
2025-04-10 08:00:00,1.4072200000000001,1.40954,1.40522,1.40759,25293,1,0
2025-04-10 12:00:00,1.40759,1.40883,1.40302,1.40732,24267,0,0
2025-04-10 16:00:00,1.40732,1.4075199999999999,1.3988,1.39993,39436,0,0
2025-04-10 20:00:00,1.39992,1.4007100000000001,1.39513,1.39836,31021,0,0
2025-04-11 00:00:00,1.39805,1.39858,1.39097,1.39486,16651,0,0
2025-04-11 04:00:00,1.39487,1.39699,1.3908,1.39643,28543,1,0
2025-04-11 08:00:00,1.39643,1.39845,1.38808,1.39041,29112,1,0
2025-04-11 12:00:00,1.39045,1.3933499999999999,1.38395,1.38564,29172,1,0
2025-04-11 16:00:00,1.38564,1.3933200000000001,1.3841700000000001,1.3903400000000001,38419,1,0
2025-04-11 20:00:00,1.39033,1.39194,1.38596,1.38596,20844,1,0
2025-04-14 00:00:00,1.38605,1.38843,1.38501,1.3872900000000001,14271,1,0
2025-04-14 04:00:00,1.3873,1.38744,1.38489,1.38648,18690,1,0
2025-04-14 08:00:00,1.38648,1.38767,1.38285,1.3839299999999999,18134,0,0
2025-04-14 12:00:00,1.3839299999999999,1.38896,1.38351,1.3881999999999999,14330,0,0
2025-04-14 16:00:00,1.3881999999999999,1.3911,1.38621,1.39042,25732,0,0
2025-04-14 20:00:00,1.3904,1.39053,1.38629,1.38715,12873,0,0
2025-04-15 00:00:00,1.3872900000000001,1.3909,1.38619,1.38944,7041,0,0
2025-04-15 04:00:00,1.38944,1.3897300000000001,1.3850500000000001,1.38551,9552,0,0
2025-04-15 08:00:00,1.38551,1.38782,1.38501,1.3856,14131,0,0
2025-04-15 12:00:00,1.3856,1.39155,1.385,1.39005,14515,0,0
2025-04-15 16:00:00,1.39005,1.39698,1.38681,1.39696,23602,0,0
2025-04-15 20:00:00,1.39696,1.39778,1.3955899999999999,1.39596,12557,0,0
2025-04-16 00:00:00,1.39496,1.39654,1.39398,1.39512,6658,0,0
2025-04-16 04:00:00,1.39512,1.39512,1.39346,1.39363,8880,1,0
2025-04-16 08:00:00,1.39364,1.39425,1.39045,1.39132,16804,1,0
2025-04-16 12:00:00,1.39132,1.393,1.3903699999999999,1.39173,14643,0,0
2025-04-16 16:00:00,1.39173,1.39291,1.38677,1.38773,23233,0,0
2025-04-16 20:00:00,1.38773,1.38986,1.3854,1.38564,17293,0,0
2025-04-17 00:00:00,1.38522,1.38689,1.38469,1.38678,6316,1,0
2025-04-17 04:00:00,1.38678,1.38917,1.38678,1.3890799999999999,7916,0,0
2025-04-17 08:00:00,1.3890799999999999,1.38964,1.38652,1.38774,12069,1,0
2025-04-17 12:00:00,1.38774,1.3906100000000001,1.38683,1.3872499999999999,13500,0,0
2025-04-17 16:00:00,1.38728,1.3879299999999999,1.3844,1.3845100000000001,21825,1,0
2025-04-17 20:00:00,1.3845100000000001,1.38507,1.38282,1.38338,11503,1,0
2025-04-18 00:00:00,1.3829799999999999,1.38479,1.38284,1.38456,6951,1,0
2025-04-18 04:00:00,1.38456,1.3863699999999999,1.38453,1.38628,51301,1,0
2025-04-18 08:00:00,1.38626,1.38675,1.38461,1.3863400000000001,42620,1,0
2025-04-18 12:00:00,1.38635,1.3868,1.38448,1.38589,29188,1,0
2025-04-18 16:00:00,1.38589,1.38693,1.38441,1.38513,21837,1,0
2025-04-18 20:00:00,1.38513,1.38518,1.38344,1.38448,19562,1,0
2025-04-21 00:00:00,1.38388,1.38432,1.38055,1.38189,8774,0,0
2025-04-21 04:00:00,1.38189,1.38223,1.37943,1.37973,9662,1,0
2025-04-21 08:00:00,1.37973,1.38032,1.37909,1.37934,10451,0,0
2025-04-21 12:00:00,1.37934,1.38151,1.37813,1.3793199999999999,12091,0,0
2025-04-21 16:00:00,1.3793199999999999,1.3842400000000001,1.37849,1.38388,18211,0,0
2025-04-21 20:00:00,1.38388,1.38496,1.38259,1.38397,9832,1,0
2025-04-22 00:00:00,1.38362,1.38459,1.38274,1.3838,5683,1,0
2025-04-22 04:00:00,1.3838,1.38381,1.38006,1.38048,10238,1,0
2025-04-22 08:00:00,1.38048,1.38213,1.3793,1.3818,15875,0,0
2025-04-22 12:00:00,1.3818,1.38616,1.3817,1.38464,13610,1,0
2025-04-22 16:00:00,1.38464,1.38577,1.37969,1.38075,18693,1,0
2025-04-22 20:00:00,1.38075,1.38331,1.37996,1.38105,12505,1,0
2025-04-23 00:00:00,1.3807,1.3860299999999999,1.3807,1.38287,12442,0,0
2025-04-23 04:00:00,1.38287,1.38472,1.38199,1.38336,11087,1,0
2025-04-23 08:00:00,1.38336,1.38396,1.38087,1.38116,13953,1,0
2025-04-23 12:00:00,1.38116,1.38413,1.37982,1.38347,13121,1,0
2025-04-23 16:00:00,1.38347,1.38991,1.38252,1.38943,28490,0,0
2025-04-23 20:00:00,1.38943,1.39047,1.38766,1.38816,13238,1,0
2025-04-24 00:00:00,1.38811,1.38873,1.38681,1.38701,6069,1,0
2025-04-24 04:00:00,1.38701,1.38744,1.38628,1.38676,8457,1,0
2025-04-24 08:00:00,1.38676,1.38751,1.38399,1.385,12761,0,0
2025-04-24 12:00:00,1.38499,1.38708,1.38405,1.3860700000000001,11370,1,0
2025-04-24 16:00:00,1.3860700000000001,1.38991,1.38503,1.38792,17774,0,0
2025-04-24 20:00:00,1.38792,1.3884699999999999,1.38423,1.3855,7759,0,0
2025-04-25 00:00:00,1.38473,1.38655,1.3843,1.38641,4192,1,0
2025-04-25 04:00:00,1.38641,1.38769,1.3857599999999999,1.38758,8143,0,0
2025-04-25 08:00:00,1.38758,1.38903,1.38585,1.3887399999999999,11043,0,0
2025-04-25 12:00:00,1.3887399999999999,1.38922,1.38626,1.38728,11084,0,0
2025-04-25 16:00:00,1.38728,1.3875899999999999,1.38499,1.3860299999999999,13929,1,0
2025-04-25 20:00:00,1.3860299999999999,1.38761,1.38495,1.38535,9220,1,0
2025-04-28 00:00:00,1.38611,1.38775,1.38494,1.38739,4937,1,0
2025-04-28 04:00:00,1.38739,1.38846,1.38655,1.38658,6717,0,0
2025-04-28 08:00:00,1.38658,1.38924,1.38623,1.3885100000000001,8478,1,0
2025-04-28 12:00:00,1.3885,1.3885,1.3854899999999999,1.38694,9368,1,0
2025-04-28 16:00:00,1.38694,1.38723,1.38253,1.38475,17829,1,0
2025-04-28 20:00:00,1.38475,1.38579,1.38165,1.38289,9280,1,0
2025-04-29 00:00:00,1.38288,1.38399,1.38256,1.38367,5170,1,0
2025-04-29 04:00:00,1.38367,1.3866800000000001,1.38084,1.38629,10543,1,0
2025-04-29 08:00:00,1.38629,1.38715,1.38166,1.38297,10239,0,0
2025-04-29 12:00:00,1.38297,1.3852,1.38276,1.38328,9661,0,0
2025-04-29 16:00:00,1.38328,1.38675,1.38296,1.3854199999999999,11668,0,0
2025-04-29 20:00:00,1.38543,1.38602,1.38272,1.38337,5325,0,0
2025-04-30 00:00:00,1.38314,1.38414,1.38213,1.38308,4342,0,0
2025-04-30 04:00:00,1.38308,1.38462,1.3820299999999999,1.38337,7356,0,0
2025-04-30 08:00:00,1.38338,1.38436,1.3817300000000001,1.38432,7669,0,0
2025-04-30 12:00:00,1.38432,1.38538,1.38244,1.385,8326,0,0
2025-04-30 16:00:00,1.38501,1.38556,1.38028,1.38105,14565,0,0
2025-04-30 20:00:00,1.38105,1.38118,1.37701,1.37984,8908,0,0
2025-05-01 00:00:00,1.37977,1.38014,1.37867,1.37882,5314,0,0
2025-05-01 04:00:00,1.37882,1.38005,1.37843,1.37943,7368,0,0
2025-05-01 08:00:00,1.37943,1.38174,1.37931,1.38154,5965,0,0
2025-05-01 12:00:00,1.38154,1.38253,1.3808099999999999,1.38197,6420,0,0
2025-05-01 16:00:00,1.38201,1.38623,1.37965,1.38536,11643,0,0
2025-05-01 20:00:00,1.38536,1.38614,1.38354,1.38536,6070,0,0
2025-05-02 00:00:00,1.38532,1.38554,1.38409,1.38412,5374,0,0
2025-05-02 04:00:00,1.38412,1.38431,1.38151,1.3822,8984,0,0
2025-05-02 08:00:00,1.3822,1.38346,1.38032,1.38306,7220,0,0
2025-05-02 12:00:00,1.38306,1.3838599999999999,1.38055,1.38246,9792,0,0
2025-05-02 16:00:00,1.38246,1.38292,1.37603,1.37917,15401,0,0
2025-05-02 20:00:00,1.37917,1.38195,1.37917,1.38174,6122,0,0
2025-05-05 00:00:00,1.37832,1.3829,1.37832,1.38198,6199,0,0
2025-05-05 04:00:00,1.38198,1.38198,1.3794,1.37982,9334,0,0
2025-05-05 08:00:00,1.37982,1.38189,1.37885,1.38103,8491,0,0
2025-05-05 12:00:00,1.38101,1.3814899999999999,1.37869,1.38123,8337,0,0
2025-05-05 16:00:00,1.38123,1.3829799999999999,1.37996,1.38127,10555,0,0
2025-05-05 20:00:00,1.38127,1.38252,1.3808,1.38242,3895,0,0
2025-05-06 00:00:00,1.3824,1.38402,1.38159,1.38391,4372,0,0
2025-05-06 04:00:00,1.38391,1.38453,1.38141,1.38153,10133,0,0
2025-05-06 08:00:00,1.38153,1.38312,1.38074,1.38197,9071,0,0
2025-05-06 12:00:00,1.38197,1.38327,1.37951,1.3801700000000001,7511,0,0
2025-05-06 16:00:00,1.3801700000000001,1.38091,1.37507,1.37717,12068,0,0
2025-05-06 20:00:00,1.37717,1.37866,1.3762699999999999,1.37761,7123,0,0
2025-05-07 00:00:00,1.3775,1.37813,1.37613,1.3772199999999999,8148,0,0
2025-05-07 04:00:00,1.3772199999999999,1.3798599999999999,1.37706,1.37958,9874,0,0
2025-05-07 08:00:00,1.37958,1.37975,1.37814,1.37931,7646,0,0
2025-05-07 12:00:00,1.37931,1.38065,1.37851,1.38021,6603,0,0
2025-05-07 16:00:00,1.38021,1.38064,1.37731,1.37857,10098,0,0
2025-05-07 20:00:00,1.37857,1.38389,1.37846,1.38385,12058,0,0
2025-05-08 00:00:00,1.3838,1.38396,1.38221,1.38257,4697,0,0
2025-05-08 04:00:00,1.38257,1.38316,1.38136,1.3829799999999999,10720,0,0
2025-05-08 08:00:00,1.3829799999999999,1.38835,1.38297,1.38659,10775,0,0
2025-05-08 12:00:00,1.38658,1.38985,1.38652,1.3889,9302,0,0
2025-05-08 16:00:00,1.3889,1.3931200000000001,1.38689,1.39208,13114,0,0
2025-05-08 20:00:00,1.39208,1.3933,1.39151,1.39228,4884,0,0
2025-05-09 00:00:00,1.39194,1.39321,1.3913,1.39264,4351,0,0
2025-05-09 04:00:00,1.39264,1.39428,1.3916,1.39169,10651,0,0
2025-05-09 08:00:00,1.39169,1.39262,1.39101,1.3912,6888,0,0
2025-05-09 12:00:00,1.3912,1.39214,1.39085,1.39155,6121,0,0
2025-05-09 16:00:00,1.39155,1.39446,1.39066,1.39349,10231,0,0
2025-05-09 20:00:00,1.39349,1.39401,1.39201,1.39357,5199,0,0
2025-05-12 00:00:00,1.38877,1.39388,1.38877,1.39365,6770,0,0
2025-05-12 04:00:00,1.39365,1.39412,1.39199,1.39257,10991,0,0
2025-05-12 08:00:00,1.39257,1.39806,1.39144,1.39577,13638,0,0
2025-05-12 12:00:00,1.39577,1.3997899999999999,1.3955,1.39972,10359,0,0
2025-05-12 16:00:00,1.39972,1.40118,1.39783,1.40049,11708,0,0
2025-05-12 20:00:00,1.40049,1.40156,1.39722,1.39748,6918,0,0
2025-05-13 00:00:00,1.39747,1.39858,1.39704,1.39826,4510,0,0
2025-05-13 04:00:00,1.39826,1.39875,1.39581,1.39604,8850,0,0
2025-05-13 08:00:00,1.39604,1.39916,1.39595,1.39893,8620,0,0
2025-05-13 12:00:00,1.3989,1.40009,1.39755,1.39791,8067,0,0
2025-05-13 16:00:00,1.39798,1.40163,1.39533,1.39555,14143,0,0
2025-05-13 20:00:00,1.39555,1.39566,1.3931200000000001,1.39355,6273,0,0
2025-05-14 00:00:00,1.39355,1.3939599999999999,1.39273,1.39326,4190,0,0
2025-05-14 04:00:00,1.39326,1.39392,1.39193,1.39272,8626,0,0
2025-05-14 08:00:00,1.39272,1.39364,1.39076,1.39132,10649,0,0
2025-05-14 12:00:00,1.39132,1.39468,1.3902,1.3945,9709,0,0
2025-05-14 16:00:00,1.3945,1.39846,1.39382,1.3973200000000001,13893,0,0
2025-05-14 20:00:00,1.3973200000000001,1.3986100000000001,1.39664,1.39822,7071,0,0
2025-05-15 00:00:00,1.3982,1.3982,1.39653,1.3971,4191,0,0
2025-05-15 04:00:00,1.3971,1.39723,1.39592,1.39703,8067,0,0
2025-05-15 08:00:00,1.39703,1.3989,1.39686,1.39829,8806,0,0
2025-05-15 12:00:00,1.39829,1.39939,1.39764,1.3982299999999999,7970,0,0
2025-05-15 16:00:00,1.39822,1.40048,1.39767,1.39872,10628,0,0
2025-05-15 20:00:00,1.39872,1.39887,1.39558,1.39594,5688,0,0
2025-05-16 00:00:00,1.39592,1.39633,1.39502,1.39532,4555,0,0
2025-05-16 04:00:00,1.39532,1.39573,1.3941,1.39436,7042,0,0
2025-05-16 08:00:00,1.39436,1.39609,1.39355,1.39538,6666,0,0
2025-05-16 12:00:00,1.39538,1.39731,1.3952499999999999,1.39588,6465,0,0
2025-05-16 16:00:00,1.39588,1.39954,1.39496,1.39859,10844,0,0
2025-05-16 20:00:00,1.39859,1.39957,1.39567,1.39628,5233,0,0
2025-05-19 00:00:00,1.39688,1.39688,1.39517,1.39584,5259,0,0
2025-05-19 04:00:00,1.39584,1.3973,1.3957899999999999,1.39712,7136,0,0
2025-05-19 08:00:00,1.39712,1.39721,1.39485,1.39529,7857,0,0
2025-05-19 12:00:00,1.39529,1.39539,1.39384,1.39423,6777,0,0
2025-05-19 16:00:00,1.39423,1.3953,1.39174,1.39502,10364,0,0
2025-05-19 20:00:00,1.39502,1.39654,1.3947,1.39505,4593,0,0
2025-05-20 00:00:00,1.39508,1.39652,1.39293,1.39624,4720,0,0
2025-05-20 04:00:00,1.39624,1.39686,1.39568,1.39641,7447,0,0
2025-05-20 08:00:00,1.39641,1.39642,1.39322,1.3942,8798,0,0
2025-05-20 12:00:00,1.39421,1.39614,1.39206,1.39266,7187,0,0
2025-05-20 16:00:00,1.39266,1.39554,1.39178,1.39299,11435,0,0
2025-05-20 20:00:00,1.39298,1.3936,1.3909,1.39151,5050,0,0
2025-05-21 00:00:00,1.3915,1.39189,1.38993,1.3902999999999999,4582,0,0
2025-05-21 04:00:00,1.3902999999999999,1.39113,1.38863,1.38903,8288,0,0
2025-05-21 08:00:00,1.38903,1.38984,1.3879000000000001,1.3894199999999999,8743,0,0
2025-05-21 12:00:00,1.3894199999999999,1.38944,1.38683,1.38709,9411,0,0
2025-05-21 16:00:00,1.38709,1.38771,1.38156,1.38182,14722,0,0
2025-05-21 20:00:00,1.38182,1.38655,1.38143,1.38588,10135,0,0
2025-05-22 00:00:00,1.3859,1.38718,1.38491,1.38586,5592,0,0
2025-05-22 04:00:00,1.38586,1.38614,1.38461,1.38473,8325,0,0
2025-05-22 08:00:00,1.38473,1.38764,1.38469,1.38754,9207,0,0
2025-05-22 12:00:00,1.38754,1.38853,1.38619,1.38784,8199,0,0
2025-05-22 16:00:00,1.38784,1.38892,1.38552,1.38669,13708,0,0
2025-05-22 20:00:00,1.38669,1.3873,1.38565,1.3857,6072,0,0
2025-05-23 00:00:00,1.38572,1.38626,1.3849,1.38507,4747,0,0
2025-05-23 04:00:00,1.38507,1.3852,1.38256,1.38277,7551,0,0
2025-05-23 08:00:00,1.38277,1.38321,1.38094,1.38168,7721,0,0
2025-05-23 12:00:00,1.38168,1.38339,1.3794,1.37972,12995,0,0
2025-05-23 16:00:00,1.37973,1.38109,1.37307,1.3734600000000001,15213,0,0
2025-05-23 20:00:00,1.37347,1.37371,1.37093,1.37252,8206,0,0
2025-05-26 00:00:00,1.37279,1.37385,1.37158,1.3719000000000001,6304,0,0
2025-05-26 04:00:00,1.3719000000000001,1.37226,1.36901,1.37054,8243,0,0
2025-05-26 08:00:00,1.37054,1.37147,1.3686099999999999,1.37142,7878,0,0
2025-05-26 12:00:00,1.37141,1.37259,1.37106,1.37259,5113,0,0
2025-05-26 16:00:00,1.37259,1.37352,1.37199,1.3734199999999999,4800,0,0
2025-05-26 20:00:00,1.3734199999999999,1.37393,1.3731900000000001,1.37358,1941,0,0
2025-05-27 00:00:00,1.37352,1.37382,1.3722400000000001,1.37242,3627,0,0
2025-05-27 04:00:00,1.37242,1.37452,1.37222,1.3744399999999999,7213,0,0
2025-05-27 08:00:00,1.3744399999999999,1.37689,1.37327,1.37631,8882,0,0
2025-05-27 12:00:00,1.37631,1.3774600000000001,1.3758,1.37632,7001,0,0
2025-05-27 16:00:00,1.37633,1.3780000000000001,1.37549,1.37772,11734,0,0
2025-05-27 20:00:00,1.37772,1.3835899999999999,1.3773,1.38133,6905,0,0
2025-05-28 00:00:00,1.38083,1.38181,1.38016,1.38055,3823,0,0
2025-05-28 04:00:00,1.38055,1.38348,1.38046,1.38342,8758,0,0
2025-05-28 08:00:00,1.38342,1.3838599999999999,1.38138,1.3817599999999999,7503,0,0
2025-05-28 12:00:00,1.38175,1.38396,1.38121,1.3838599999999999,7093,0,0
2025-05-28 16:00:00,1.3838599999999999,1.3844699999999999,1.38089,1.38223,13217,0,0
2025-05-28 20:00:00,1.38223,1.38376,1.38184,1.3837,5834,0,0
2025-05-29 00:00:00,1.3835899999999999,1.38611,1.38315,1.38544,8715,0,0
2025-05-29 04:00:00,1.38544,1.38618,1.38409,1.38432,9855,0,0
2025-05-29 08:00:00,1.38432,1.3857,1.38167,1.38328,9744,0,0
2025-05-29 12:00:00,1.38328,1.38355,1.3796,1.37964,8809,0,0
2025-05-29 16:00:00,1.37964,1.38275,1.37851,1.38048,13620,0,0
2025-05-29 20:00:00,1.38048,1.38118,1.37968,1.38074,6224,0,0
2025-05-30 00:00:00,1.38077,1.38179,1.37982,1.38106,5157,0,0
2025-05-30 04:00:00,1.38106,1.38258,1.38026,1.38209,9220,0,0
2025-05-30 08:00:00,1.38209,1.383,1.38113,1.3818,8054,0,0
2025-05-30 12:00:00,1.3818,1.3820700000000001,1.3786800000000001,1.3794,8297,0,0
2025-05-30 16:00:00,1.3794,1.3798599999999999,1.37396,1.3756599999999999,14838,0,0
2025-05-30 20:00:00,1.3756599999999999,1.37609,1.3714,1.37362,7843,0,0
2025-06-02 00:00:00,1.37247,1.37366,1.37135,1.37177,6376,0,0
2025-06-02 04:00:00,1.37177,1.37289,1.37043,1.37225,8808,0,0
2025-06-02 08:00:00,1.3722400000000001,1.37244,1.36746,1.36951,8992,0,0
2025-06-02 12:00:00,1.36951,1.37109,1.3685800000000001,1.3696,9034,0,0
2025-06-02 16:00:00,1.3696,1.37145,1.36896,1.37114,14177,0,0
2025-06-02 20:00:00,1.37114,1.37238,1.37012,1.37118,5987,0,0
2025-06-03 00:00:00,1.3712900000000001,1.37264,1.3704399999999999,1.37201,4303,0,0
2025-06-03 04:00:00,1.37201,1.37353,1.3719000000000001,1.37329,7923,0,0
2025-06-03 08:00:00,1.37329,1.37392,1.37231,1.37301,8321,0,0
2025-06-03 12:00:00,1.37301,1.3743,1.3722699999999999,1.373,8548,0,0
2025-06-03 16:00:00,1.373,1.3734899999999999,1.37012,1.37256,11506,0,0
2025-06-03 20:00:00,1.37256,1.37266,1.3712900000000001,1.37202,4979,0,0
2025-06-04 00:00:00,1.37196,1.37235,1.37096,1.37137,4455,0,0
2025-06-04 04:00:00,1.37137,1.3724,1.37059,1.3722699999999999,9732,0,0
2025-06-04 08:00:00,1.3722699999999999,1.37318,1.3707099999999999,1.37087,9164,0,0
2025-06-04 12:00:00,1.37087,1.37198,1.36941,1.37,9016,0,0
2025-06-04 16:00:00,1.37,1.37103,1.36551,1.36555,14038,0,0
2025-06-04 20:00:00,1.36555,1.36856,1.36527,1.36791,5649,0,0
2025-06-05 00:00:00,1.36768,1.36828,1.3671,1.36726,5087,0,0
2025-06-05 04:00:00,1.36726,1.36842,1.3669799999999999,1.36787,8569,0,0
2025-06-05 08:00:00,1.36787,1.36832,1.36596,1.36647,7971,0,0
2025-06-05 12:00:00,1.36647,1.3667500000000001,1.36483,1.36552,9410,0,0
2025-06-05 16:00:00,1.36552,1.36756,1.36345,1.3667,15709,0,0
2025-06-05 20:00:00,1.3667,1.3674,1.36567,1.36738,6657,0,0
2025-06-06 00:00:00,1.3673899999999999,1.3676,1.36611,1.36653,3628,0,0
2025-06-06 04:00:00,1.36653,1.3670900000000001,1.36603,1.3661699999999999,7593,0,0
2025-06-06 08:00:00,1.3661699999999999,1.3681,1.36611,1.36808,7637,0,0
2025-06-06 12:00:00,1.36807,1.37006,1.36666,1.36815,9988,0,0
2025-06-06 16:00:00,1.36815,1.37046,1.36695,1.36996,16351,0,0
2025-06-06 20:00:00,1.36996,1.3703400000000001,1.36903,1.36969,6184,0,0
2025-06-09 00:00:00,1.3679000000000001,1.36999,1.36785,1.36925,3905,0,0
2025-06-09 04:00:00,1.36925,1.36925,1.36771,1.36846,7217,0,0
2025-06-09 08:00:00,1.36846,1.36895,1.367,1.3678,7319,0,0
2025-06-09 12:00:00,1.3678,1.3691200000000001,1.36696,1.36883,6824,0,0
2025-06-09 16:00:00,1.36883,1.3707500000000001,1.36707,1.36747,10145,0,0
2025-06-09 20:00:00,1.36747,1.37005,1.36722,1.3698299999999999,4711,0,0
2025-06-10 00:00:00,1.36992,1.37056,1.36884,1.3699,4736,0,0
2025-06-10 04:00:00,1.3699,1.3715899999999999,1.36947,1.3706800000000001,7155,0,0
2025-06-10 08:00:00,1.3706800000000001,1.37286,1.37047,1.3707099999999999,9798,0,0
2025-06-10 12:00:00,1.3707099999999999,1.37089,1.36843,1.36914,7467,0,0
2025-06-10 16:00:00,1.36913,1.36936,1.36681,1.36833,11258,0,0
2025-06-10 20:00:00,1.36833,1.36931,1.36696,1.3670200000000001,5645,0,0
2025-06-11 00:00:00,1.36689,1.36748,1.36633,1.36727,5355,0,0
2025-06-11 04:00:00,1.36727,1.36837,1.36703,1.36813,5862,0,0
2025-06-11 08:00:00,1.36813,1.36844,1.36742,1.3682400000000001,7370,0,0
2025-06-11 12:00:00,1.3682400000000001,1.36902,1.36502,1.36634,11339,0,0
2025-06-11 16:00:00,1.36634,1.36788,1.36541,1.36567,12287,0,0
2025-06-11 20:00:00,1.36567,1.36744,1.365,1.36717,7575,0,0
2025-06-12 00:00:00,1.36684,1.36725,1.36585,1.36643,4774,0,0
2025-06-12 04:00:00,1.36643,1.36733,1.3655,1.36565,8312,0,0
2025-06-12 08:00:00,1.36565,1.36753,1.36448,1.36566,9349,0,0
2025-06-12 12:00:00,1.36566,1.3661400000000001,1.36182,1.36184,11911,0,0
2025-06-12 16:00:00,1.36184,1.3627099999999999,1.36051,1.36072,11430,0,0
2025-06-12 20:00:00,1.36072,1.36148,1.3599700000000001,1.36016,4677,0,0
2025-06-13 00:00:00,1.36008,1.36345,1.35925,1.3627099999999999,8680,0,0
2025-06-13 04:00:00,1.3627099999999999,1.36499,1.36174,1.36494,14173,0,0
2025-06-13 08:00:00,1.36494,1.36517,1.36127,1.36161,12252,0,0
2025-06-13 12:00:00,1.36161,1.36507,1.36134,1.36161,11663,0,0
2025-06-13 16:00:00,1.36161,1.36326,1.35663,1.35858,15177,0,0
2025-06-13 20:00:00,1.35858,1.36011,1.35784,1.35829,10197,0,0
2025-06-16 00:00:00,1.35831,1.35941,1.3572899999999999,1.35903,13796,1,0
2025-06-16 04:00:00,1.3590499999999999,1.3607,1.35886,1.36018,12302,1,0
2025-06-16 08:00:00,1.36019,1.36019,1.35698,1.35731,11892,1,0
2025-06-16 12:00:00,1.35731,1.35745,1.35587,1.35596,7681,1,0
2025-06-16 16:00:00,1.35596,1.35651,1.35399,1.3555,12111,1,0
2025-06-16 20:00:00,1.3555,1.35802,1.35538,1.357,5706,1,0
2025-06-17 00:00:00,1.35698,1.35824,1.35614,1.35762,6270,1,0
2025-06-17 04:00:00,1.35759,1.35813,1.3568799999999999,1.35728,9421,1,0
2025-06-17 08:00:00,1.35728,1.35832,1.3563399999999999,1.35696,8711,1,0
2025-06-17 12:00:00,1.3569499999999999,1.35836,1.35565,1.35828,9530,1,0
2025-06-17 16:00:00,1.35828,1.36202,1.35742,1.36135,11917,1,0
2025-06-17 20:00:00,1.36135,1.36931,1.3609499999999999,1.36749,10512,1,0
2025-06-18 00:00:00,1.36741,1.3691499999999999,1.36503,1.36762,6650,1,0
2025-06-18 04:00:00,1.36762,1.3678,1.36572,1.36584,9916,1,0
2025-06-18 08:00:00,1.36584,1.3672,1.36513,1.36663,9050,1,0
2025-06-18 12:00:00,1.36663,1.36704,1.36344,1.36472,8219,1,0
2025-06-18 16:00:00,1.36472,1.36959,1.36449,1.36765,13724,1,0
2025-06-18 20:00:00,1.36767,1.37033,1.36538,1.36928,15119,1,0
2025-06-19 00:00:00,1.36914,1.3700999999999999,1.36804,1.37008,6225,1,0
2025-06-19 04:00:00,1.37008,1.37218,1.37005,1.37076,10252,1,0
2025-06-19 08:00:00,1.37076,1.37302,1.3707,1.37085,10574,1,0
2025-06-19 12:00:00,1.37085,1.3721999999999999,1.3703,1.37184,7626,1,0
2025-06-19 16:00:00,1.37182,1.37463,1.37117,1.37316,8518,1,0
2025-06-19 20:00:00,1.37316,1.37318,1.36967,1.36997,4582,1,0
2025-06-20 00:00:00,1.36988,1.37039,1.36874,1.36914,6674,1,0
2025-06-20 04:00:00,1.36914,1.37024,1.36886,1.36907,9768,1,0
2025-06-20 08:00:00,1.36907,1.37106,1.36897,1.3697,8598,1,0
2025-06-20 12:00:00,1.36971,1.37238,1.3692199999999999,1.37188,7849,1,0
2025-06-20 16:00:00,1.37183,1.37467,1.37123,1.373,11686,1,0
2025-06-20 20:00:00,1.373,1.37466,1.37199,1.37324,6979,1,0
2025-06-23 00:00:00,1.37478,1.37605,1.37369,1.37522,10910,1,0
2025-06-23 04:00:00,1.37521,1.3767,1.37501,1.3759299999999999,12616,1,0
2025-06-23 08:00:00,1.3759299999999999,1.37793,1.37431,1.37791,10668,1,0
2025-06-23 12:00:00,1.37791,1.3798,1.37782,1.37824,10051,1,0
2025-06-23 16:00:00,1.37824,1.37851,1.37253,1.37708,17301,1,0
2025-06-23 20:00:00,1.37707,1.37752,1.37273,1.37345,9338,1,0
2025-06-24 00:00:00,1.37329,1.3738299999999999,1.37223,1.37287,7816,1,0
2025-06-24 04:00:00,1.37287,1.37313,1.37173,1.37187,10168,1,0
2025-06-24 08:00:00,1.37187,1.37311,1.37101,1.37167,10397,1,0
2025-06-24 12:00:00,1.3716599999999999,1.37215,1.37062,1.37067,7344,1,0
2025-06-24 16:00:00,1.37067,1.37218,1.36787,1.37082,11982,1,0
2025-06-24 20:00:00,1.37082,1.373,1.37054,1.37243,6210,1,0
2025-06-25 00:00:00,1.37232,1.37289,1.36992,1.37236,5021,1,0
2025-06-25 04:00:00,1.37236,1.3735,1.37181,1.37329,7751,1,0
2025-06-25 08:00:00,1.37329,1.3737599999999999,1.3721,1.37233,8310,1,0
2025-06-25 12:00:00,1.37233,1.37469,1.37231,1.37396,7199,1,0
2025-06-25 16:00:00,1.37393,1.37546,1.3727,1.37382,11114,1,0
2025-06-25 20:00:00,1.37382,1.37449,1.37164,1.37253,7926,1,0
2025-06-26 00:00:00,1.37235,1.37247,1.37081,1.37145,4843,1,0
2025-06-26 04:00:00,1.37145,1.37229,1.37011,1.37186,9497,1,0
2025-06-26 08:00:00,1.37186,1.37232,1.36799,1.3685800000000001,10072,1,0
2025-06-26 12:00:00,1.3685800000000001,1.36947,1.36711,1.36714,10255,1,0
2025-06-26 16:00:00,1.36714,1.3673,1.36179,1.3627500000000001,14184,1,0
2025-06-26 20:00:00,1.3627500000000001,1.36452,1.36179,1.36401,6847,1,0
2025-06-27 00:00:00,1.36394,1.36476,1.36343,1.36407,6036,1,0
2025-06-27 04:00:00,1.36407,1.36499,1.3635,1.36497,7832,1,0
2025-06-27 08:00:00,1.36497,1.36497,1.3627799999999999,1.3642,8534,1,0
2025-06-27 12:00:00,1.36419,1.36629,1.36408,1.36428,9049,1,0
2025-06-27 16:00:00,1.36428,1.36778,1.36407,1.36733,11684,1,0
2025-06-27 20:00:00,1.36733,1.37589,1.36728,1.36842,12376,1,0
2025-06-30 00:00:00,1.36801,1.36999,1.36727,1.36942,7087,1,0
2025-06-30 04:00:00,1.36942,1.36957,1.3657599999999999,1.36725,11650,1,0
2025-06-30 08:00:00,1.36725,1.36796,1.36537,1.36754,10706,1,0
2025-06-30 12:00:00,1.36754,1.3682699999999999,1.36582,1.36661,8033,1,0
2025-06-30 16:00:00,1.36661,1.36782,1.36178,1.36267,14976,1,0
2025-06-30 20:00:00,1.36267,1.36438,1.3599700000000001,1.36067,8454,1,0
2025-07-01 00:00:00,1.36025,1.361,1.35988,1.36037,4147,1,0
2025-07-01 04:00:00,1.36037,1.36186,1.3602699999999999,1.36067,7128,1,0
2025-07-01 08:00:00,1.36068,1.36115,1.35931,1.35985,9045,1,0
2025-07-01 12:00:00,1.35985,1.36273,1.35911,1.3626800000000001,9399,1,0
2025-07-01 16:00:00,1.3626800000000001,1.3667099999999999,1.36227,1.36605,14702,1,0
2025-07-01 20:00:00,1.36605,1.36636,1.36419,1.3646099999999999,5615,1,0
2025-07-02 00:00:00,1.36452,1.36487,1.36401,1.36405,4954,1,0
2025-07-02 04:00:00,1.36405,1.36527,1.36384,1.3648500000000001,6794,1,0
2025-07-02 08:00:00,1.3648500000000001,1.36589,1.36442,1.36505,7246,1,0
2025-07-02 12:00:00,1.36505,1.36571,1.36307,1.36503,9931,1,0
2025-07-02 16:00:00,1.36504,1.36551,1.36057,1.36068,13275,1,0
2025-07-02 20:00:00,1.36068,1.36072,1.35837,1.35926,6193,1,0
2025-07-03 00:00:00,1.3586,1.35899,1.35772,1.35821,3675,1,0
2025-07-03 04:00:00,1.35821,1.35984,1.35792,1.35974,7161,1,0
2025-07-03 08:00:00,1.35974,1.36013,1.35863,1.35881,6925,1,0
2025-07-03 12:00:00,1.35881,1.36243,1.3578700000000001,1.36168,9417,1,0
2025-07-03 16:00:00,1.36168,1.362,1.3556599999999999,1.35613,15766,1,0
2025-07-03 20:00:00,1.35613,1.35889,1.35574,1.3584800000000001,3174,1,0
2025-07-04 00:00:00,1.35813,1.3588,1.35697,1.35731,7123,1,0
2025-07-04 04:00:00,1.35731,1.3581699999999999,1.35727,1.3575,8247,1,0
2025-07-04 08:00:00,1.3575,1.35962,1.35667,1.35916,7532,1,0
2025-07-04 12:00:00,1.35916,1.36048,1.3586,1.36045,6393,1,0
2025-07-04 16:00:00,1.36045,1.36128,1.35993,1.36077,7661,1,0
2025-07-04 20:00:00,1.36077,1.36174,1.3599700000000001,1.36015,26317,1,0
2025-07-07 00:00:00,1.35855,1.36094,1.35815,1.36086,6921,1,0
2025-07-07 04:00:00,1.36086,1.36351,1.36086,1.36345,9307,1,0
2025-07-07 08:00:00,1.36345,1.36847,1.36308,1.3683100000000001,8158,1,0
2025-07-07 12:00:00,1.3683100000000001,1.36859,1.36473,1.36479,7811,1,0
2025-07-07 16:00:00,1.36479,1.36742,1.36313,1.36718,11308,1,0
2025-07-07 20:00:00,1.36718,1.36834,1.36594,1.36826,8121,1,0
2025-07-08 00:00:00,1.36813,1.36813,1.36554,1.36559,5397,1,0
2025-07-08 04:00:00,1.36559,1.36646,1.3638,1.36529,8054,1,0
2025-07-08 08:00:00,1.36529,1.36626,1.36388,1.36463,8470,1,0
2025-07-08 12:00:00,1.36463,1.36624,1.36445,1.36571,6607,1,0
2025-07-08 16:00:00,1.36571,1.36944,1.36557,1.36811,12836,1,0
2025-07-08 20:00:00,1.36811,1.36906,1.36616,1.36621,7769,1,0
2025-07-09 00:00:00,1.36585,1.36779,1.36514,1.3674,4063,1,0
2025-07-09 04:00:00,1.3674,1.36893,1.36691,1.36796,8851,1,0
2025-07-09 08:00:00,1.36796,1.36941,1.36657,1.36852,9354,1,0
2025-07-09 12:00:00,1.3685100000000001,1.371,1.36821,1.3689200000000001,6770,1,0
2025-07-09 16:00:00,1.3689200000000001,1.37048,1.36768,1.36955,9459,1,0
2025-07-09 20:00:00,1.36955,1.36977,1.36846,1.3686,4105,1,0
2025-07-10 00:00:00,1.36845,1.3688500000000001,1.3673899999999999,1.36777,4418,1,0
2025-07-10 04:00:00,1.36777,1.36867,1.3676599999999999,1.36821,5729,1,0
2025-07-10 08:00:00,1.36821,1.36866,1.36638,1.3677000000000001,6794,1,0
2025-07-10 12:00:00,1.3677000000000001,1.3694899999999999,1.36685,1.3691900000000001,5944,1,0
2025-07-10 16:00:00,1.3691900000000001,1.37084,1.3672,1.36835,10740,1,0
2025-07-10 20:00:00,1.36834,1.36838,1.36534,1.36539,5050,1,0
2025-07-11 00:00:00,1.36541,1.37307,1.36523,1.36917,7300,1,0
2025-07-11 04:00:00,1.36917,1.37063,1.36804,1.36963,10343,1,0
2025-07-11 08:00:00,1.36963,1.37059,1.36852,1.37012,8616,1,0
2025-07-11 12:00:00,1.37012,1.37047,1.36521,1.36786,8347,1,0
2025-07-11 16:00:00,1.36786,1.37121,1.36761,1.36807,10588,1,0
2025-07-11 20:00:00,1.36807,1.36961,1.36695,1.36874,6258,1,0
2025-07-14 00:00:00,1.36982,1.36993,1.36751,1.36836,7682,1,0
2025-07-14 04:00:00,1.36836,1.37018,1.36802,1.3698299999999999,8225,1,0
2025-07-14 08:00:00,1.3698299999999999,1.37024,1.36757,1.36832,7779,1,0
2025-07-14 12:00:00,1.36832,1.36927,1.36701,1.36899,6055,1,0
2025-07-14 16:00:00,1.369,1.37009,1.36715,1.36935,10058,1,0
2025-07-14 20:00:00,1.36935,1.37081,1.36911,1.37042,5000,1,0
2025-07-15 00:00:00,1.37038,1.37091,1.36887,1.37004,4360,1,0
2025-07-15 04:00:00,1.37004,1.37035,1.3694,1.36996,8008,1,0
2025-07-15 08:00:00,1.36996,1.37033,1.36838,1.36853,6265,1,0
2025-07-15 12:00:00,1.36853,1.36943,1.36661,1.36747,7384,1,0
2025-07-15 16:00:00,1.36747,1.373,1.3673,1.37246,13772,1,0
2025-07-15 20:00:00,1.37246,1.3729,1.37124,1.3722400000000001,5471,1,0
2025-07-16 00:00:00,1.3721,1.37246,1.37091,1.37127,5236,1,0
2025-07-16 04:00:00,1.37125,1.37222,1.37091,1.37158,6785,1,0
2025-07-16 08:00:00,1.37158,1.37226,1.37065,1.3719999999999999,6634,1,0
2025-07-16 12:00:00,1.3719999999999999,1.37292,1.37127,1.3725399999999999,5848,1,0
2025-07-16 16:00:00,1.3725399999999999,1.37555,1.36802,1.36897,18807,1,0
2025-07-16 20:00:00,1.36897,1.37038,1.36804,1.3681,6621,1,0
2025-07-17 00:00:00,1.3681,1.37057,1.3677000000000001,1.37009,4309,1,0
2025-07-17 04:00:00,1.37009,1.37207,1.36991,1.37144,8376,1,0
2025-07-17 08:00:00,1.37144,1.37479,1.3709799999999999,1.37432,8218,1,0
2025-07-17 12:00:00,1.37431,1.3774199999999999,1.37425,1.37592,7750,1,0
2025-07-17 16:00:00,1.37592,1.37657,1.37415,1.37526,10032,1,0
2025-07-17 20:00:00,1.37526,1.3755899999999999,1.37428,1.37528,5056,1,0
2025-07-18 00:00:00,1.37517,1.37517,1.37301,1.37353,3606,1,0
2025-07-18 04:00:00,1.37353,1.37425,1.37305,1.3740700000000001,6978,1,0
2025-07-18 08:00:00,1.3740700000000001,1.37426,1.37243,1.37264,5656,1,0
2025-07-18 12:00:00,1.37262,1.37311,1.3702,1.37038,5473,1,0
2025-07-18 16:00:00,1.37038,1.3727800000000001,1.36958,1.3725800000000001,9478,1,0
2025-07-18 20:00:00,1.37257,1.37358,1.37232,1.37265,5367,1,0
2025-07-21 00:00:00,1.3707099999999999,1.37308,1.37059,1.37301,7280,1,0
2025-07-21 04:00:00,1.37301,1.37348,1.37216,1.37239,7885,1,0
2025-07-21 08:00:00,1.37239,1.37301,1.37144,1.37216,7040,1,0
2025-07-21 12:00:00,1.37216,1.37289,1.36957,1.36995,6143,1,0
2025-07-21 16:00:00,1.36994,1.37174,1.36786,1.36862,8854,1,0
2025-07-21 20:00:00,1.36863,1.36921,1.36769,1.36819,4304,1,0
2025-07-22 00:00:00,1.36821,1.36875,1.36751,1.36871,3734,1,0
2025-07-22 04:00:00,1.36871,1.36906,1.36826,1.36886,5879,1,0
2025-07-22 08:00:00,1.36886,1.36955,1.36798,1.36818,5429,1,0
2025-07-22 12:00:00,1.36818,1.36844,1.36647,1.36796,5686,1,0
2025-07-22 16:00:00,1.36796,1.36796,1.36054,1.3614,10593,1,0
2025-07-22 20:00:00,1.3614,1.36206,1.36028,1.36053,5145,1,0
2025-07-23 00:00:00,1.36045,1.3607,1.3594300000000001,1.35951,4424,1,0
2025-07-23 04:00:00,1.35951,1.3603399999999999,1.3593199999999999,1.35999,8008,1,0
2025-07-23 08:00:00,1.35999,1.36109,1.35834,1.35838,7694,1,0
2025-07-23 12:00:00,1.35838,1.36032,1.3575599999999999,1.36032,5469,1,0
2025-07-23 16:00:00,1.36032,1.36291,1.3595,1.36171,9469,1,0
2025-07-23 20:00:00,1.36171,1.36212,1.3595,1.35961,4837,1,0
2025-07-24 00:00:00,1.3596,1.36087,1.35901,1.3606099999999999,4323,1,0
2025-07-24 04:00:00,1.3606099999999999,1.36082,1.35964,1.36032,7751,1,0
2025-07-24 08:00:00,1.36032,1.36138,1.35986,1.36053,6690,1,0
2025-07-24 12:00:00,1.36053,1.36226,1.36053,1.36181,6076,1,0
2025-07-24 16:00:00,1.36181,1.36464,1.36108,1.36369,10010,1,0
2025-07-24 20:00:00,1.36369,1.36547,1.36303,1.36374,4616,1,0
2025-07-25 00:00:00,1.36322,1.36503,1.36265,1.36419,6265,1,0
2025-07-25 04:00:00,1.36419,1.36665,1.36388,1.36594,9583,1,0
2025-07-25 08:00:00,1.36594,1.36799,1.3648,1.36762,7738,1,0
2025-07-25 12:00:00,1.36762,1.3689,1.36674,1.36855,5901,1,0
2025-07-25 16:00:00,1.36855,1.3725800000000001,1.36814,1.37162,11616,1,0
2025-07-25 20:00:00,1.37162,1.37173,1.3697599999999999,1.36996,4536,1,0
2025-07-28 00:00:00,1.36969,1.3703400000000001,1.3691200000000001,1.36935,6811,1,0
2025-07-28 04:00:00,1.36935,1.37062,1.3688799999999999,1.36963,7567,1,0
2025-07-28 08:00:00,1.36963,1.37424,1.36957,1.37298,9011,1,0
2025-07-28 12:00:00,1.37298,1.37347,1.37154,1.37177,8909,1,0
2025-07-28 16:00:00,1.37177,1.37293,1.3710499999999999,1.37192,10050,1,0
2025-07-28 20:00:00,1.37191,1.3740299999999999,1.37176,1.3738000000000001,4932,1,0
2025-07-29 00:00:00,1.37381,1.37432,1.37305,1.3742,4923,1,0
2025-07-29 04:00:00,1.3742,1.37423,1.3731,1.37318,7815,1,0
2025-07-29 08:00:00,1.37318,1.37609,1.37317,1.37443,8469,1,0
2025-07-29 12:00:00,1.37443,1.37789,1.37393,1.37784,8217,1,0
2025-07-29 16:00:00,1.37785,1.37885,1.37497,1.37778,12352,1,0
2025-07-29 20:00:00,1.37778,1.37823,1.3762400000000001,1.377,6771,1,0
2025-07-30 00:00:00,1.37696,1.37758,1.37622,1.37631,3566,1,0
2025-07-30 04:00:00,1.37632,1.37721,1.37587,1.37693,7158,1,0
2025-07-30 08:00:00,1.37693,1.37771,1.37633,1.37732,8419,1,0
2025-07-30 12:00:00,1.37733,1.38066,1.37718,1.38049,8254,1,0
2025-07-30 16:00:00,1.38048,1.38192,1.37995,1.3809,11990,1,0
2025-07-30 20:00:00,1.3809,1.38449,1.37977,1.38299,13979,1,0
2025-07-31 00:00:00,1.38275,1.38331,1.38226,1.38306,5222,1,0
2025-07-31 04:00:00,1.38306,1.3845100000000001,1.38161,1.38163,12308,1,0
2025-07-31 08:00:00,1.38164,1.3846,1.38136,1.38398,9785,1,0
2025-07-31 12:00:00,1.38399,1.38537,1.3833,1.38336,8017,1,0
2025-07-31 16:00:00,1.38336,1.38525,1.38243,1.38483,12543,1,0
2025-07-31 20:00:00,1.38483,1.38572,1.38381,1.38558,7825,1,0
2025-08-01 00:00:00,1.38527,1.38711,1.38398,1.38473,6969,1,0
2025-08-01 04:00:00,1.38473,1.38621,1.38442,1.3854199999999999,13141,1,0
2025-08-01 08:00:00,1.3854199999999999,1.38761,1.3850799999999999,1.38757,10214,1,0
2025-08-01 12:00:00,1.38757,1.3879299999999999,1.37854,1.37958,12812,1,0
2025-08-01 16:00:00,1.37967,1.38,1.37632,1.37955,23799,1,0
2025-08-01 20:00:00,1.37955,1.3817599999999999,1.37713,1.37816,12280,1,0
2025-08-04 00:00:00,1.37711,1.37942,1.37621,1.37911,9206,1,0
2025-08-04 04:00:00,1.37911,1.37949,1.37707,1.37744,10987,1,0
2025-08-04 08:00:00,1.37744,1.37879,1.3767,1.37839,11670,1,0
2025-08-04 12:00:00,1.37839,1.3790499999999999,1.37662,1.37734,10634,1,0
2025-08-04 16:00:00,1.37734,1.3783400000000001,1.37584,1.37754,13036,1,0
2025-08-04 20:00:00,1.37754,1.37855,1.37725,1.37792,6726,1,0
2025-08-05 00:00:00,1.37777,1.3779,1.37626,1.3768500000000001,4831,1,0
2025-08-05 04:00:00,1.3768500000000001,1.37918,1.37672,1.37866,9404,1,0
2025-08-05 08:00:00,1.37866,1.38096,1.37738,1.38067,9656,1,0
2025-08-05 12:00:00,1.38067,1.38103,1.37913,1.37979,10200,1,0
2025-08-05 16:00:00,1.37979,1.38,1.37679,1.3778299999999999,15287,1,0
2025-08-05 20:00:00,1.37784,1.37888,1.377,1.37706,7027,1,0
2025-08-06 00:00:00,1.37707,1.3778299999999999,1.37659,1.37747,5828,1,0
2025-08-06 04:00:00,1.37747,1.37799,1.3765100000000001,1.37711,10322,1,0
2025-08-06 08:00:00,1.37711,1.37755,1.37634,1.3768799999999999,8278,1,0
2025-08-06 12:00:00,1.3768799999999999,1.37699,1.37436,1.37474,7892,1,0
2025-08-06 16:00:00,1.37474,1.37589,1.3739,1.37438,12641,1,0
2025-08-06 20:00:00,1.37439,1.3748,1.37355,1.37404,7611,1,0
2025-08-07 00:00:00,1.37395,1.3745,1.37298,1.3744100000000001,5272,1,0
2025-08-07 04:00:00,1.3744100000000001,1.37466,1.37294,1.37311,8782,1,0
2025-08-07 08:00:00,1.37311,1.37365,1.37218,1.37327,7578,1,0
2025-08-07 12:00:00,1.37327,1.37447,1.37216,1.37377,9525,1,0
2025-08-07 16:00:00,1.37377,1.3773900000000001,1.37305,1.37528,14419,1,0
2025-08-07 20:00:00,1.37528,1.37676,1.3739,1.37487,9614,1,0
2025-08-08 00:00:00,1.37438,1.37447,1.3731900000000001,1.37384,5933,1,0
2025-08-08 04:00:00,1.37384,1.37485,1.37341,1.37413,7805,1,0
2025-08-08 08:00:00,1.37413,1.37497,1.37275,1.37365,7630,1,0
2025-08-08 12:00:00,1.37365,1.37629,1.37259,1.37586,8205,1,0
2025-08-08 16:00:00,1.37586,1.37588,1.37429,1.37522,10618,1,0
2025-08-08 20:00:00,1.37523,1.37634,1.37425,1.37535,6846,1,0
2025-08-11 00:00:00,1.37442,1.37604,1.3744,1.37588,4558,1,0
2025-08-11 04:00:00,1.37588,1.37611,1.37451,1.37512,7727,1,0
2025-08-11 08:00:00,1.37512,1.3774199999999999,1.37496,1.37647,6990,1,0
2025-08-11 12:00:00,1.37647,1.37949,1.37628,1.37892,7970,1,0
2025-08-11 16:00:00,1.37893,1.37955,1.37738,1.3784,11753,1,0
2025-08-11 20:00:00,1.3784,1.37874,1.37745,1.3777300000000001,6615,1,0
2025-08-12 00:00:00,1.37774,1.37808,1.37668,1.37795,4053,1,0
2025-08-12 04:00:00,1.37795,1.37845,1.3771900000000001,1.3774600000000001,9005,1,0
2025-08-12 08:00:00,1.3774600000000001,1.37926,1.37738,1.37892,10705,1,0
2025-08-12 12:00:00,1.37892,1.3806,1.37628,1.37798,11670,1,0
2025-08-12 16:00:00,1.37799,1.37939,1.3754,1.37623,19188,1,0
2025-08-12 20:00:00,1.37623,1.37845,1.37621,1.37713,7457,1,0
2025-08-13 00:00:00,1.37714,1.37808,1.3765399999999999,1.37785,4161,1,0
2025-08-13 04:00:00,1.37785,1.37821,1.37732,1.37762,7723,1,0
2025-08-13 08:00:00,1.37762,1.37816,1.37542,1.37635,8100,1,0
2025-08-13 12:00:00,1.37636,1.3771499999999999,1.37517,1.37706,7966,1,0
2025-08-13 16:00:00,1.37706,1.37753,1.37561,1.37704,12065,1,0
2025-08-13 20:00:00,1.37704,1.3774,1.3756,1.37585,7306,1,0
2025-08-14 00:00:00,1.37577,1.37625,1.3749799999999999,1.37518,5023,1,0
2025-08-14 04:00:00,1.37518,1.37647,1.37445,1.37586,8020,1,0
2025-08-14 08:00:00,1.37586,1.37835,1.3757,1.3782,9687,1,0
2025-08-14 12:00:00,1.3782,1.38016,1.37705,1.37964,10267,1,0
2025-08-14 16:00:00,1.3796300000000001,1.38177,1.37899,1.38148,17176,1,0
2025-08-14 20:00:00,1.38148,1.38195,1.38058,1.38156,8116,1,0
2025-08-15 00:00:00,1.38159,1.3816,1.38106,1.38119,4849,1,0
2025-08-15 04:00:00,1.38119,1.38152,1.38019,1.3802699999999999,7723,1,0
2025-08-15 08:00:00,1.3802699999999999,1.38071,1.37912,1.37975,6389,1,0
2025-08-15 12:00:00,1.37975,1.38019,1.37875,1.37934,7714,1,0
2025-08-15 16:00:00,1.37934,1.3813900000000001,1.37885,1.38101,13867,1,0
2025-08-15 20:00:00,1.38101,1.38185,1.38076,1.38147,6212,1,0
2025-08-18 00:00:00,1.38067,1.38172,1.3806,1.38079,5669,1,0
2025-08-18 04:00:00,1.38079,1.38102,1.3798599999999999,1.38012,7757,1,0
2025-08-18 08:00:00,1.38012,1.38097,1.3792200000000001,1.3794,7479,1,0
2025-08-18 12:00:00,1.3794,1.37989,1.37831,1.37913,6944,1,0
2025-08-18 16:00:00,1.37913,1.38313,1.37909,1.38125,10992,1,0
2025-08-18 20:00:00,1.38127,1.38145,1.37992,1.38025,6158,1,0
2025-08-19 00:00:00,1.3801999999999999,1.38109,1.37948,1.38095,4132,1,0
2025-08-19 04:00:00,1.38095,1.38182,1.38063,1.38097,8339,1,0
2025-08-19 08:00:00,1.38097,1.3822,1.38013,1.38193,7746,1,0
2025-08-19 12:00:00,1.38192,1.3838,1.38011,1.38338,7837,1,0
2025-08-19 16:00:00,1.38338,1.38636,1.3833,1.38626,12042,1,0
2025-08-19 20:00:00,1.38626,1.38696,1.38536,1.3868,6618,1,0
2025-08-20 00:00:00,1.38672,1.3872900000000001,1.38516,1.38693,7595,1,0
2025-08-20 04:00:00,1.38693,1.38838,1.38651,1.38702,9023,1,0
2025-08-20 08:00:00,1.387,1.38814,1.38686,1.38796,8529,1,0
2025-08-20 12:00:00,1.38796,1.388,1.38537,1.38577,7249,1,0
2025-08-20 16:00:00,1.38578,1.38796,1.3857300000000001,1.38689,12098,1,0
2025-08-20 20:00:00,1.3869,1.38803,1.38619,1.3872900000000001,7439,1,0
2025-08-21 00:00:00,1.38724,1.38818,1.3862999999999999,1.38788,4754,1,0
2025-08-21 04:00:00,1.38788,1.38831,1.3873,1.38796,7232,1,0
2025-08-21 08:00:00,1.38796,1.3885399999999999,1.38739,1.38785,7825,1,0
2025-08-21 12:00:00,1.3878599999999999,1.38957,1.38738,1.38947,8688,1,0
2025-08-21 16:00:00,1.38947,1.39079,1.38898,1.3897300000000001,14392,1,0
2025-08-21 20:00:00,1.3897300000000001,1.3912,1.3891200000000001,1.39097,7080,1,0
2025-08-22 00:00:00,1.39097,1.39097,1.38993,1.39076,3932,1,0
2025-08-22 04:00:00,1.39076,1.3915600000000001,1.3903699999999999,1.39151,6104,1,0
2025-08-22 08:00:00,1.3914900000000001,1.39172,1.39077,1.39082,5818,1,0
2025-08-22 12:00:00,1.39081,1.3919000000000001,1.39079,1.39169,6679,1,0
2025-08-22 16:00:00,1.39169,1.39246,1.38301,1.38321,21892,1,0
2025-08-22 20:00:00,1.38321,1.38324,1.38145,1.38219,8365,1,0
2025-08-25 00:00:00,1.38091,1.38403,1.38091,1.38358,5630,1,0
2025-08-25 04:00:00,1.38358,1.3844,1.38321,1.38348,5379,1,0
2025-08-25 08:00:00,1.38348,1.38378,1.38212,1.38276,6313,1,0
2025-08-25 12:00:00,1.38276,1.38364,1.38174,1.38227,6228,1,0
2025-08-25 16:00:00,1.38226,1.38385,1.3817,1.38341,10723,1,0
2025-08-25 20:00:00,1.38341,1.3864,1.3832900000000001,1.3859,7335,1,0
2025-08-26 00:00:00,1.38578,1.3864,1.3841700000000001,1.3845100000000001,7931,1,0
2025-08-26 04:00:00,1.3845,1.3860299999999999,1.38448,1.38544,8536,1,0
2025-08-26 08:00:00,1.38544,1.38682,1.3850500000000001,1.3858,9863,1,0
2025-08-26 12:00:00,1.3858,1.38581,1.38401,1.38458,8199,1,0
2025-08-26 16:00:00,1.38458,1.3854600000000001,1.38224,1.38296,11641,1,0
2025-08-26 20:00:00,1.38297,1.38418,1.38286,1.38388,5555,1,0
2025-08-27 00:00:00,1.38376,1.38384,1.38242,1.38335,3413,1,0
2025-08-27 04:00:00,1.38334,1.38438,1.38284,1.38432,6231,1,0
2025-08-27 08:00:00,1.38431,1.38571,1.38343,1.38487,6922,1,0
2025-08-27 12:00:00,1.38487,1.3856600000000001,1.38432,1.3850799999999999,7472,1,0
2025-08-27 16:00:00,1.3850799999999999,1.3858,1.37981,1.37982,11640,1,0
2025-08-27 20:00:00,1.37982,1.38015,1.37829,1.37919,7099,1,0
2025-08-28 00:00:00,1.37889,1.379,1.3777,1.37824,4504,1,0
2025-08-28 04:00:00,1.37824,1.3783400000000001,1.37696,1.37816,7054,1,0
2025-08-28 08:00:00,1.37816,1.37882,1.3774899999999999,1.37764,7399,1,0
2025-08-28 12:00:00,1.37764,1.37768,1.3752900000000001,1.37607,9474,1,0
2025-08-28 16:00:00,1.37607,1.37852,1.37462,1.37479,13568,1,0
2025-08-28 20:00:00,1.37479,1.37564,1.37412,1.37489,5454,1,0
2025-08-29 00:00:00,1.37484,1.37541,1.3735,1.3746399999999999,4294,1,0
2025-08-29 04:00:00,1.3746399999999999,1.37573,1.3745,1.3752900000000001,7988,1,0
2025-08-29 08:00:00,1.37528,1.37575,1.37374,1.37408,7181,1,0
2025-08-29 12:00:00,1.37408,1.37791,1.374,1.37704,8518,1,0
2025-08-29 16:00:00,1.37703,1.37793,1.37269,1.37318,14015,1,0
2025-08-29 20:00:00,1.37318,1.3746800000000001,1.37275,1.37338,5662,1,0
2025-09-01 00:00:00,1.37221,1.37433,1.37221,1.37361,4131,1,0
2025-09-01 04:00:00,1.37361,1.37451,1.37327,1.37382,7268,1,0
2025-09-01 08:00:00,1.37385,1.37527,1.3734199999999999,1.37397,7591,1,0
2025-09-01 12:00:00,1.37397,1.3752499999999999,1.37339,1.3752499999999999,6186,1,0
2025-09-01 16:00:00,1.37524,1.37621,1.3743699999999999,1.37549,6924,1,0
2025-09-01 20:00:00,1.37549,1.37569,1.37491,1.37499,1803,1,0
2025-09-02 00:00:00,1.3749500000000001,1.3753600000000001,1.37402,1.3748,4627,1,0
2025-09-02 04:00:00,1.37481,1.37594,1.37459,1.37578,7643,1,0
2025-09-02 08:00:00,1.37578,1.37838,1.37456,1.37698,10594,1,0
2025-09-02 12:00:00,1.37698,1.3815,1.37669,1.38089,11672,1,0
2025-09-02 16:00:00,1.38087,1.38099,1.37733,1.37735,16008,1,0
2025-09-02 20:00:00,1.37736,1.37924,1.37723,1.3782,7095,1,0
2025-09-03 00:00:00,1.37809,1.37924,1.37698,1.3790499999999999,4020,1,0
2025-09-03 04:00:00,1.3790499999999999,1.37969,1.37838,1.3792200000000001,8019,1,0
2025-09-03 08:00:00,1.3792200000000001,1.3807800000000001,1.37881,1.38011,9877,1,0
2025-09-03 12:00:00,1.38012,1.38061,1.37937,1.37992,8848,1,0
2025-09-03 16:00:00,1.37992,1.38052,1.37832,1.37867,13637,1,0
2025-09-03 20:00:00,1.37865,1.38019,1.37855,1.37921,6752,1,0
2025-09-04 00:00:00,1.3792499999999999,1.37988,1.3787099999999999,1.37982,4002,1,0
2025-09-04 04:00:00,1.37982,1.38084,1.37944,1.38077,6605,1,0
2025-09-04 08:00:00,1.38077,1.3815,1.38073,1.38102,7134,1,0
2025-09-04 12:00:00,1.38102,1.38275,1.38011,1.38159,8240,1,0
2025-09-04 16:00:00,1.38159,1.38456,1.38065,1.38324,11951,1,0
2025-09-04 20:00:00,1.38324,1.38366,1.38157,1.38175,5523,1,0
2025-09-05 00:00:00,1.3818,1.38208,1.3804699999999999,1.38101,4638,1,0
2025-09-05 04:00:00,1.38101,1.38118,1.38042,1.38102,5040,1,0
2025-09-05 08:00:00,1.38102,1.38111,1.37899,1.3792200000000001,6788,1,0
2025-09-05 12:00:00,1.37923,1.38172,1.37561,1.3804699999999999,10042,1,0
2025-09-05 16:00:00,1.38046,1.38402,1.3796,1.38339,18163,1,0
2025-09-05 20:00:00,1.3834,1.38543,1.38218,1.38244,7919,1,0
2025-09-08 00:00:00,1.38251,1.38448,1.38248,1.38385,7222,1,0
2025-09-08 04:00:00,1.38385,1.38418,1.3829099999999999,1.38336,8972,1,0
2025-09-08 08:00:00,1.38335,1.38341,1.3812,1.38167,9134,1,0
2025-09-08 12:00:00,1.38167,1.38246,1.37889,1.3793199999999999,8141,1,0
2025-09-08 16:00:00,1.3793199999999999,1.38335,1.37884,1.38262,11151,1,0
2025-09-08 20:00:00,1.3826100000000001,1.38318,1.3801999999999999,1.38023,6429,1,0
2025-09-09 00:00:00,1.38022,1.3805100000000001,1.37924,1.38046,5129,1,0
2025-09-09 04:00:00,1.38046,1.3811499999999999,1.3798,1.3804699999999999,6058,1,0
2025-09-09 08:00:00,1.38045,1.38132,1.37936,1.3798300000000001,8396,1,0
2025-09-09 12:00:00,1.37982,1.38276,1.37945,1.3822999999999999,6896,1,0
2025-09-09 16:00:00,1.3822999999999999,1.38429,1.38049,1.38323,13337,1,0
2025-09-09 20:00:00,1.3832499999999999,1.38599,1.38309,1.38432,6493,1,0
2025-09-10 00:00:00,1.3841,1.38579,1.38367,1.38563,4884,1,0
2025-09-10 04:00:00,1.38563,1.38635,1.38412,1.38414,8042,1,0
2025-09-10 08:00:00,1.38418,1.38605,1.38391,1.38528,8916,1,0
2025-09-10 12:00:00,1.38527,1.38623,1.38402,1.38537,9640,1,0
2025-09-10 16:00:00,1.38536,1.38604,1.38307,1.38572,12917,1,0
2025-09-10 20:00:00,1.38572,1.387,1.38522,1.38614,6567,1,0
2025-09-11 00:00:00,1.38586,1.38699,1.3848799999999999,1.3869500000000001,4162,1,0
2025-09-11 04:00:00,1.3869500000000001,1.38735,1.38646,1.38718,5803,1,0
2025-09-11 08:00:00,1.38718,1.38821,1.38716,1.38811,7405,1,0
2025-09-11 12:00:00,1.38812,1.38906,1.3856,1.38577,10632,1,0
2025-09-11 16:00:00,1.38577,1.38678,1.38262,1.38333,13644,1,0
2025-09-11 20:00:00,1.38333,1.38431,1.38296,1.38324,7210,1,0
2025-09-12 00:00:00,1.38312,1.38414,1.38204,1.38384,5657,1,0
2025-09-12 04:00:00,1.3838300000000001,1.38487,1.3836,1.38426,6144,1,0
2025-09-12 08:00:00,1.38427,1.38492,1.38327,1.3848,7919,1,0
2025-09-12 12:00:00,1.3848,1.3860999999999999,1.38347,1.38433,8295,1,0
2025-09-12 16:00:00,1.38434,1.38636,1.38349,1.38502,11762,1,0
2025-09-12 20:00:00,1.38502,1.38534,1.38384,1.38443,6518,1,0
2025-09-15 00:00:00,1.38263,1.38445,1.38263,1.3842400000000001,3948,1,0
2025-09-15 04:00:00,1.3842400000000001,1.38462,1.38344,1.38352,5201,1,0
2025-09-15 08:00:00,1.38351,1.3841700000000001,1.38306,1.3835,8037,1,0
2025-09-15 12:00:00,1.38349,1.38349,1.38153,1.38254,8439,1,0
2025-09-15 16:00:00,1.38255,1.38425,1.37936,1.38003,12051,1,0
2025-09-15 20:00:00,1.38002,1.3801700000000001,1.37669,1.37778,9055,1,0
2025-09-16 00:00:00,1.37767,1.37809,1.3771200000000001,1.3774199999999999,4184,1,0
2025-09-16 04:00:00,1.3774199999999999,1.37771,1.37634,1.3772,5743,1,0
2025-09-16 08:00:00,1.3772,1.37772,1.3762400000000001,1.37756,8146,1,0
2025-09-16 12:00:00,1.37756,1.37758,1.3746399999999999,1.37579,8868,1,0
2025-09-16 16:00:00,1.37578,1.37632,1.37369,1.37417,12757,1,0
2025-09-16 20:00:00,1.37416,1.3755,1.37338,1.3736,6377,1,0
2025-09-17 00:00:00,1.37382,1.37448,1.37324,1.37432,3025,1,0
2025-09-17 04:00:00,1.37433,1.37546,1.37424,1.3751,3201,1,0
2025-09-17 08:00:00,1.3751,1.3761999999999999,1.37483,1.37564,5462,1,0
2025-09-17 12:00:00,1.37564,1.37591,1.37487,1.37535,5874,1,0
2025-09-17 16:00:00,1.37534,1.37695,1.3744100000000001,1.37604,9699,1,0
2025-09-17 20:00:00,1.37604,1.37873,1.37267,1.37732,21482,1,0
2025-09-18 00:00:00,1.37724,1.37792,1.37634,1.3768099999999999,3988,1,0
2025-09-18 04:00:00,1.3768,1.37874,1.37659,1.37858,4764,1,0
2025-09-18 08:00:00,1.37858,1.38,1.37744,1.37813,8861,1,0
2025-09-18 12:00:00,1.37813,1.379,1.37672,1.37865,11081,1,0
2025-09-18 16:00:00,1.3786800000000001,1.381,1.3786399999999999,1.38025,17444,1,0
2025-09-18 20:00:00,1.38025,1.38033,1.3787099999999999,1.37955,7486,1,0
2025-09-19 00:00:00,1.37957,1.37999,1.37883,1.3795899999999999,7674,1,0
2025-09-19 04:00:00,1.3795899999999999,1.38049,1.37887,1.37978,8234,1,0
2025-09-19 08:00:00,1.37978,1.38202,1.37948,1.38087,11276,1,0
2025-09-19 12:00:00,1.38087,1.38255,1.38052,1.38188,9427,1,0
2025-09-19 16:00:00,1.38188,1.38198,1.37693,1.37771,15306,1,0
2025-09-19 20:00:00,1.37771,1.37916,1.37691,1.37794,6872,1,0
2025-09-22 00:00:00,1.37709,1.3796,1.37702,1.37876,4253,1,0
2025-09-22 04:00:00,1.37876,1.38004,1.3783,1.3798599999999999,7900,1,0
2025-09-22 08:00:00,1.37985,1.38102,1.37917,1.38058,9570,1,0
2025-09-22 12:00:00,1.38058,1.38143,1.37977,1.37979,9025,1,0
2025-09-22 16:00:00,1.37975,1.3829099999999999,1.37931,1.38277,12042,1,0
2025-09-22 20:00:00,1.38278,1.38317,1.38167,1.38177,6630,1,0
2025-09-23 00:00:00,1.3817599999999999,1.3832200000000001,1.38106,1.38277,4588,1,0
2025-09-23 04:00:00,1.38277,1.38319,1.38235,1.3830200000000001,8073,1,0
2025-09-23 08:00:00,1.38304,1.3844400000000001,1.3822999999999999,1.38319,9833,1,0
2025-09-23 12:00:00,1.38318,1.38331,1.38174,1.38178,8767,1,0
2025-09-23 16:00:00,1.38177,1.384,1.38117,1.38293,13543,1,0
2025-09-23 20:00:00,1.38293,1.38501,1.38265,1.38352,8511,1,0
2025-09-24 00:00:00,1.38338,1.38469,1.38249,1.38432,6156,1,0
2025-09-24 04:00:00,1.38431,1.38497,1.3839000000000001,1.38449,7974,1,0
2025-09-24 08:00:00,1.38449,1.38643,1.38431,1.3860700000000001,8185,1,0
2025-09-24 12:00:00,1.3860700000000001,1.3879299999999999,1.3859,1.38766,9091,1,0
2025-09-24 16:00:00,1.38768,1.39067,1.38726,1.39065,14945,1,0
2025-09-24 20:00:00,1.39063,1.3906800000000001,1.38946,1.38961,7643,1,0
2025-09-25 00:00:00,1.38949,1.38994,1.3885,1.38924,5070,1,0
2025-09-25 04:00:00,1.38924,1.38959,1.3885100000000001,1.38872,6091,1,0
2025-09-25 08:00:00,1.38872,1.39024,1.38867,1.38937,8909,1,0
2025-09-25 12:00:00,1.3893499999999999,1.39132,1.389,1.39066,10523,1,0
2025-09-25 16:00:00,1.39067,1.39372,1.39041,1.39355,16213,1,0
2025-09-25 20:00:00,1.39357,1.39497,1.39353,1.3939300000000001,8743,1,0
2025-09-26 00:00:00,1.39392,1.39458,1.39112,1.39389,5810,1,0
2025-09-26 04:00:00,1.39389,1.39447,1.3934199999999999,1.39354,6282,1,0
2025-09-26 08:00:00,1.39354,1.39482,1.3935,1.39469,8506,1,0
2025-09-26 12:00:00,1.39469,1.39588,1.3933900000000001,1.39356,10141,1,0
2025-09-26 16:00:00,1.39356,1.39524,1.39318,1.39368,16290,1,0
2025-09-26 20:00:00,1.3936600000000001,1.39441,1.39344,1.39398,7589,1,0
2025-09-29 00:00:00,1.3924699999999999,1.39472,1.39234,1.39276,5288,1,0
2025-09-29 04:00:00,1.39275,1.3935,1.39191,1.39216,6512,1,0
2025-09-29 08:00:00,1.3921700000000001,1.39295,1.3915600000000001,1.39177,8545,1,0
2025-09-29 12:00:00,1.39177,1.39397,1.3916,1.39286,8895,1,0
2025-09-29 16:00:00,1.39286,1.3939599999999999,1.39032,1.39131,13667,1,0
2025-09-29 20:00:00,1.39133,1.39228,1.39092,1.39135,6723,1,0
2025-09-30 00:00:00,1.3912499999999999,1.39243,1.3899,1.39215,5179,1,0
2025-09-30 04:00:00,1.39214,1.39223,1.39128,1.39141,6871,1,0
2025-09-30 08:00:00,1.39141,1.3924400000000001,1.39062,1.39107,9354,1,0
2025-09-30 12:00:00,1.39107,1.39253,1.39081,1.39192,7637,1,0
2025-09-30 16:00:00,1.39193,1.39361,1.38963,1.39216,14630,1,0
2025-09-30 20:00:00,1.39216,1.39258,1.39137,1.39194,7417,1,0
2025-10-01 00:00:00,1.39191,1.39287,1.39085,1.3927100000000001,6507,1,0
2025-10-01 04:00:00,1.3927100000000001,1.3933200000000001,1.39144,1.39145,4791,1,0
2025-10-01 08:00:00,1.39145,1.39282,1.39069,1.3918300000000001,10234,1,0
2025-10-01 12:00:00,1.3918300000000001,1.3937,1.39146,1.39291,12195,1,0
2025-10-01 16:00:00,1.39292,1.39572,1.39229,1.39482,16575,1,0
2025-10-01 20:00:00,1.39482,1.3949500000000001,1.39345,1.39362,7175,1,0
2025-10-02 00:00:00,1.3934199999999999,1.39477,1.39304,1.39441,3594,1,0
2025-10-02 04:00:00,1.3944,1.39473,1.39348,1.39455,4831,1,0
2025-10-02 08:00:00,1.39455,1.3949,1.39324,1.39365,8365,1,0
2025-10-02 12:00:00,1.3936600000000001,1.39533,1.39337,1.3946399999999999,8295,1,0
2025-10-02 16:00:00,1.3946399999999999,1.39865,1.39402,1.39673,14793,1,0
2025-10-02 20:00:00,1.39673,1.39722,1.396,1.39663,7178,1,0
2025-10-03 00:00:00,1.39664,1.3967,1.39606,1.3964699999999999,4620,1,0
2025-10-03 04:00:00,1.3964699999999999,1.39695,1.39611,1.39682,7221,1,0
2025-10-03 08:00:00,1.39682,1.39685,1.39573,1.39612,8305,1,0
2025-10-03 12:00:00,1.39612,1.39691,1.39508,1.39509,8035,1,0
2025-10-03 16:00:00,1.39508,1.39632,1.3939599999999999,1.39477,13905,1,0
2025-10-03 20:00:00,1.39477,1.39611,1.39412,1.3947,8471,1,0
2025-10-06 00:00:00,1.39406,1.3968099999999999,1.39389,1.39569,8841,1,0
2025-10-06 04:00:00,1.39565,1.3961299999999999,1.39452,1.39526,6383,1,0
2025-10-06 08:00:00,1.39526,1.39588,1.39417,1.39507,11513,1,0
2025-10-06 12:00:00,1.39509,1.39645,1.39486,1.3961700000000001,9695,1,0
2025-10-06 16:00:00,1.39618,1.39677,1.39459,1.39493,11368,1,0
2025-10-06 20:00:00,1.39494,1.39545,1.3940000000000001,1.39416,6138,1,0
2025-10-07 00:00:00,1.39417,1.39514,1.39387,1.39492,5333,1,0
2025-10-07 04:00:00,1.39492,1.39531,1.39441,1.39486,6255,1,0
2025-10-07 08:00:00,1.39485,1.39623,1.39473,1.39565,8881,1,0
2025-10-07 12:00:00,1.39566,1.3963,1.39476,1.3954,8592,1,0
2025-10-07 16:00:00,1.3954,1.3957,1.39387,1.3952,14771,1,0
2025-10-07 20:00:00,1.39521,1.39604,1.3945699999999999,1.39493,8187,1,0
2025-10-08 00:00:00,1.3948800000000001,1.39595,1.39418,1.39561,5106,1,0
2025-10-08 04:00:00,1.39562,1.39687,1.3952,1.39643,9069,1,0
2025-10-08 08:00:00,1.39643,1.39709,1.39513,1.39542,9418,1,0
2025-10-08 12:00:00,1.39539,1.39592,1.39379,1.39383,9323,1,0
2025-10-08 16:00:00,1.39383,1.39611,1.39318,1.3959,12966,1,0
2025-10-08 20:00:00,1.39591,1.39629,1.39493,1.39524,7726,1,0
2025-10-09 00:00:00,1.39494,1.39561,1.39402,1.3949099999999999,4107,1,0
2025-10-09 04:00:00,1.3949,1.39492,1.39348,1.39358,6314,1,0
2025-10-09 08:00:00,1.39358,1.39638,1.3933499999999999,1.39535,10583,1,0
2025-10-09 12:00:00,1.39535,1.3955899999999999,1.3942700000000001,1.39452,10188,1,0
2025-10-09 16:00:00,1.39451,1.40251,1.39391,1.40225,19680,1,0
2025-10-09 20:00:00,1.40225,1.4034200000000001,1.40143,1.40229,10032,1,0
2025-10-10 00:00:00,1.40127,1.40258,1.40126,1.40173,4730,1,0
2025-10-10 04:00:00,1.40173,1.4021,1.4013900000000001,1.40156,6486,1,0
2025-10-10 08:00:00,1.40156,1.40344,1.40134,1.40171,10517,1,0
2025-10-10 12:00:00,1.40171,1.40228,1.39761,1.39839,11701,1,0
2025-10-10 16:00:00,1.39839,1.4011,1.39822,1.40093,24724,1,0
2025-10-10 20:00:00,1.40093,1.40179,1.39939,1.40003,13398,1,0
2025-10-13 00:00:00,1.39841,1.40045,1.39831,1.39931,10484,1,0
2025-10-13 04:00:00,1.3993,1.39966,1.39828,1.39933,8412,1,0
2025-10-13 08:00:00,1.39933,1.4010799999999999,1.3988399999999999,1.4001299999999999,12263,1,0
2025-10-13 12:00:00,1.4001299999999999,1.40167,1.39972,1.4013,10252,1,0
2025-10-13 16:00:00,1.40129,1.4034200000000001,1.40129,1.40309,13510,0,0
2025-10-13 20:00:00,1.40308,1.40395,1.40274,1.40358,6084,0,0
2025-10-14 00:00:00,1.40337,1.40439,1.40269,1.40378,4564,0,0
2025-10-14 04:00:00,1.4037600000000001,1.4047100000000001,1.40332,1.40432,7400,0,0
2025-10-14 08:00:00,1.40432,1.40664,1.4041299999999999,1.4058899999999999,13252,0,0
2025-10-14 12:00:00,1.40588,1.40802,1.40585,1.40717,11402,0,0
2025-10-14 16:00:00,1.40717,1.4075,1.40299,1.40429,18496,0,0
2025-10-14 20:00:00,1.40431,1.40521,1.40327,1.40431,10467,0,0
2025-10-15 00:00:00,1.40416,1.40487,1.40373,1.40449,4644,0,0
2025-10-15 04:00:00,1.40449,1.4046,1.4031799999999999,1.40367,7515,0,0
2025-10-15 08:00:00,1.40366,1.40454,1.40278,1.40431,10155,0,0
2025-10-15 12:00:00,1.40432,1.40542,1.40341,1.40511,10177,0,0
2025-10-15 16:00:00,1.4051,1.4053499999999999,1.40268,1.4034,16617,0,0
2025-10-15 20:00:00,1.40338,1.40601,1.40338,1.40392,10202,0,0
2025-10-16 00:00:00,1.4038300000000001,1.40482,1.40283,1.40394,5191,0,0
2025-10-16 04:00:00,1.40395,1.40397,1.40229,1.40344,7689,0,0
2025-10-16 08:00:00,1.40344,1.4040300000000001,1.40271,1.4038300000000001,11117,0,0
2025-10-16 12:00:00,1.4038300000000001,1.40582,1.40359,1.40518,10509,0,0
2025-10-16 16:00:00,1.40518,1.40609,1.40357,1.40448,18330,0,0
2025-10-16 20:00:00,1.4044699999999999,1.40607,1.4038300000000001,1.40553,10669,0,0
2025-10-17 00:00:00,1.40536,1.40536,1.40394,1.40405,4101,0,0
2025-10-17 04:00:00,1.40405,1.4052,1.40367,1.40404,5572,0,0
2025-10-17 08:00:00,1.40404,1.40674,1.40363,1.40507,10529,0,0
2025-10-17 12:00:00,1.40507,1.40522,1.40275,1.40397,11244,0,0
2025-10-17 16:00:00,1.40397,1.40539,1.40341,1.40394,13438,0,0
2025-10-17 20:00:00,1.40395,1.40422,1.40082,1.40209,7921,0,0
2025-10-20 00:00:00,1.4013499999999999,1.40202,1.40102,1.40133,4028,0,0
2025-10-20 04:00:00,1.4013200000000001,1.40155,1.40058,1.40117,3967,0,0
2025-10-20 08:00:00,1.40117,1.40331,1.40103,1.4032499999999999,7199,0,0
2025-10-20 12:00:00,1.4032499999999999,1.40496,1.40271,1.40454,8171,0,0
2025-10-20 16:00:00,1.40455,1.40512,1.4026100000000001,1.40294,9642,0,0
2025-10-20 20:00:00,1.40295,1.4039,1.40271,1.40389,5027,0,0
2025-10-21 00:00:00,1.40354,1.40368,1.40269,1.40317,3081,0,0
2025-10-21 04:00:00,1.40317,1.4053200000000001,1.40317,1.40495,4672,0,0
2025-10-21 08:00:00,1.40495,1.4066100000000001,1.40491,1.40612,8509,0,0
2025-10-21 12:00:00,1.40613,1.40613,1.40144,1.4028,9866,0,0
2025-10-21 16:00:00,1.4028100000000001,1.40441,1.40035,1.40171,13690,0,0
2025-10-21 20:00:00,1.40171,1.40241,1.4012,1.40235,5928,0,0
2025-10-22 00:00:00,1.4021,1.40237,1.40094,1.40143,3839,0,0
2025-10-22 04:00:00,1.40143,1.40151,1.4001000000000001,1.40019,4887,0,0
2025-10-22 08:00:00,1.40019,1.40118,1.39936,1.40082,7633,0,0
2025-10-22 12:00:00,1.40082,1.40324,1.40079,1.40233,7597,0,0
2025-10-22 16:00:00,1.40233,1.40272,1.39759,1.3979,13347,0,0
2025-10-22 20:00:00,1.3979,1.39985,1.39789,1.39954,7148,0,0
2025-10-23 00:00:00,1.39919,1.39946,1.3980299999999999,1.39903,3273,0,0
2025-10-23 04:00:00,1.39902,1.40049,1.39887,1.3998599999999999,5061,0,0
2025-10-23 08:00:00,1.3998599999999999,1.39997,1.3987,1.3994900000000001,6136,0,0
2025-10-23 12:00:00,1.3994900000000001,1.39997,1.39893,1.39941,6243,0,0
2025-10-23 16:00:00,1.39941,1.40032,1.39799,1.39984,8921,0,0
2025-10-23 20:00:00,1.39984,1.40034,1.39862,1.39921,5030,0,0
2025-10-24 00:00:00,1.39908,1.39909,1.39737,1.3988399999999999,3411,0,0
2025-10-24 04:00:00,1.39883,1.4029,1.39877,1.40117,5292,0,0
2025-10-24 08:00:00,1.40117,1.40218,1.40039,1.40202,7347,0,0
2025-10-24 12:00:00,1.40205,1.40326,1.39958,1.40201,8350,0,0
2025-10-24 16:00:00,1.40201,1.40391,1.40059,1.40076,11853,0,0
2025-10-24 20:00:00,1.40075,1.40112,1.39905,1.39907,4714,0,0
2025-10-27 00:00:00,1.39984,1.40076,1.39855,1.3986,5804,0,0
2025-10-27 04:00:00,1.39859,1.3993,1.39784,1.39902,5890,0,0
2025-10-27 08:00:00,1.39902,1.39921,1.39728,1.3978,7612,0,0
2025-10-27 12:00:00,1.39779,1.3985400000000001,1.39704,1.3982299999999999,6945,0,0
2025-10-27 16:00:00,1.39822,1.39916,1.39791,1.39907,1403,0,0
